attack_type,chunk_index,n,chunk_index_mean,chunk_index_std,msg_l_mean,msg_l_std,hard/clean_mean,hard/clean_std,bitwise/clean_mean,bitwise/clean_std,hard/distorted_mean,hard/distorted_std,bitwise/distorted_mean,bitwise/distorted_std,hard/no_watermark_clean_mean,hard/no_watermark_clean_std,bitwise/no_watermark_clean_mean,bitwise/no_watermark_clean_std,hard/no_watermark_distorted_mean,hard/no_watermark_distorted_std,bitwise/no_watermark_distorted_mean,bitwise/no_watermark_distorted_std,sisnr_wm_mean,sisnr_wm_std,sisnr_attack_mean,sisnr_attack_std
aac,0,112,0.0,0.0,0.03731635116933766,0.1144619545039508,0.9732142857142857,0.1614566189287957,0.9983258928571429,0.010091038683049733,0.9196428571428571,0.27184530977925586,0.9441964285714286,0.19998555033898766,0.0,0.0,0.33816964285714285,0.12709010712263907,0.0,0.0,0.33482142857142855,0.1246807146765084,48.972569125039236,0.5849869723955999,-29.810667710644857,12.554653376518782
aac,1,112,1.0,0.0,0.03298977673670891,0.11590906013841026,0.9821428571428571,0.132432115840994,0.9988839285714286,0.00827700724006212,0.8928571428571429,0.30929478706587094,0.93359375,0.20136276267741351,0.0,0.0,0.3286830357142857,0.12352521061970136,0.0,0.0,0.31919642857142855,0.11309279054369109,48.96364150728498,0.5739059456255462,-30.863057951842034,14.950265869766536
aac,2,112,2.0,0.0,0.03518517687496019,0.10439729641498326,0.9732142857142857,0.16145661892879573,0.9983258928571429,0.010091038683049735,0.9107142857142857,0.2851557039762734,0.9391741071428571,0.19947962111522632,0.0,0.0,0.3236607142857143,0.1245007568516459,0.0,0.0,0.3314732142857143,0.11658005831535351,48.94634566988264,0.47343863980971396,-31.347952822489397,12.890777976767165
aac,3,101,3.0,0.0,0.032141446545852125,0.10403914844332159,0.9801980198019802,0.13931927999475535,0.9987623762376238,0.00870745499967221,0.9405940594059405,0.2363828987388777,0.9727722772277227,0.1299799589417438,0.0,0.0,0.3155940594059406,0.12324769218154015,0.0,0.0,0.31683168316831684,0.12067307682919323,48.93841722696134,0.47733713961537755,-30.70634941063305,12.164148337569475
aac,4,80,4.0,0.0,0.020555839096450312,0.10064027852969432,0.975,0.15612494995995999,0.99765625,0.01544821869787905,0.9375,0.24206145913796356,0.9609375,0.17012604472493328,0.0,0.0,0.31640625,0.12474338894681954,0.0,0.0,0.30625,0.10761984598576603,48.86899790763855,0.3521366169334334,-30.757578372955322,13.030177360149283
aac,5,80,5.0,0.0,0.019299825464096927,0.10277811077277108,0.975,0.15612494995995999,0.9984375,0.009757809372497499,0.9625,0.18998355191963334,0.98671875,0.07886756477435766,0.0,0.0,0.340625,0.12535106950082237,0.0,0.0,0.32265625,0.11917840077353571,48.88239126205444,0.35284417565088566,-29.39768880009651,12.428056609085935
aac,6,56,6.0,0.0,0.0012321043803503343,0.0022285361067104666,1.0,0.0,1.0,0.0,1.0,0.0,1.0,0.0,0.0,0.0,0.3314732142857143,0.12551214439116387,0.0,0.0,0.3470982142857143,0.1215595980976754,48.86208193642752,0.27553728397176663,-29.99339883668082,9.387543415243773
background_noise,0,103,0.0,0.0,0.02163175103865996,0.048434228894211215,1.0,0.0,1.0,0.0,0.9902912621359223,0.0980534460035153,0.9993932038834952,0.006128340375219707,0.0,0.0,0.32099514563106796,0.11879264170817953,0.0,0.0,0.32038834951456313,0.11378033964402158,48.953203367955474,0.6360688576526831,47.05165122319194,7.118399866498907
background_noise,1,103,1.0,0.0,0.025179813199783834,0.07138630423733734,1.0,0.0,1.0,0.0,0.9902912621359223,0.0980534460035153,0.9993932038834952,0.006128340375219707,0.0,0.0,0.3391990291262136,0.13537130419353063,0.0,0.0,0.32402912621359226,0.12153809633362515,49.065682124165654,0.6382974376250444,47.05239664466636,7.119691529672922
background_noise,2,101,2.0,0.0,0.025035412656728068,0.055186822312026186,1.0,0.0,1.0,0.0,1.0,0.0,1.0,0.0,0.0,0.0,0.3125,0.11433460101867242,0.0,0.0,0.31683168316831684,0.10852344449969249,49.02941097599445,0.5305480651175846,46.972733865870104,7.161888600697605
background_noise,3,89,3.0,0.0,0.028924579367744292,0.08989046914888646,0.9887640449438202,0.1054026013443467,0.9992977528089888,0.00658766258402167,0.9887640449438202,0.1054026013443467,0.9992977528089888,0.00658766258402167,0.0,0.0,0.3455056179775281,0.10849207744031236,0.0,0.0,0.3433988764044944,0.1278205637430514,49.00058347723457,0.5029194800213168,46.70407837428404,7.210562922535593
background_noise,4,69,4.0,0.0,0.01636862160163947,0.06357904512757728,0.9855072463768116,0.11951030798891765,0.9990942028985508,0.007469394249307355,0.9855072463768116,0.11951030798891765,0.9990942028985508,0.007469394249307355,0.0,0.0,0.34057971014492755,0.10931286117062021,0.0,0.0,0.3233695652173913,0.12766920151607822,48.90248478322789,0.5639690283372805,46.91447432144828,7.1136872217619835
background_noise,5,69,5.0,0.0,0.018997690502748993,0.07479468494338842,0.9855072463768116,0.11951030798891765,0.9990942028985508,0.007469394249307355,0.9855072463768116,0.11951030798891765,0.9990942028985508,0.007469394249307355,0.0,0.0,0.34057971014492755,0.09667023818446202,0.0,0.0,0.3333333333333333,0.10243119524077665,48.89259288621985,0.4579193595501003,46.92670258231785,7.1198989890495765
background_noise,6,42,6.0,0.0,0.0011256245520803118,0.002168089746817548,1.0,0.0,1.0,0.0,1.0,0.0,1.0,0.0,0.0,0.0,0.31101190476190477,0.10250589344818167,0.0,0.0,0.31994047619047616,0.12736043726654533,48.78795324053083,0.29400080761171216,47.42800830659412,7.210626740096653
dac,0,172,0.0,0.0,0.04274587555448407,0.12570233234175895,0.9651162790697675,0.18348527718673838,0.9963662790697675,0.025847993086887705,0.0,0.0,0.33611918604651164,0.12844419670339077,0.0,0.0,0.31540697674418605,0.12033707531559461,0.0,0.0,0.31431686046511625,0.10876121917816142,49.11981227786042,0.9434418881978829,3.409345475740211,6.688555922667767
dac,1,172,1.0,0.0,0.04495632658284234,0.1294765496107609,0.9883720930232558,0.10720400531735916,0.9989098837209303,0.010600255919923564,0.0,0.0,0.32848837209302323,0.13161495719641836,0.0,0.0,0.3346656976744186,0.11450949558514531,0.0,0.0,0.3346656976744186,0.11005976250815037,49.14853286743164,0.9084826329415915,3.068210824890885,6.732533194871593
dac,2,169,2.0,0.0,0.035436475473943,0.11515072599470985,0.9822485207100592,0.1320468260616651,0.9966715976331361,0.03060378826268817,0.0,0.0,0.33579881656804733,0.12346644274379412,0.0,0.0,0.33727810650887574,0.11994569602135721,0.0,0.0,0.33136094674556216,0.11534549291237325,49.11699017406215,0.8048322383078468,3.338037957453869,6.751463689229693
dac,3,146,3.0,0.0,0.03278697922241967,0.10352446151332012,0.9794520547945206,0.14186517244663,0.9987157534246576,0.008866573277914375,0.0,0.0,0.3291952054794521,0.1337460583632187,0.0,0.0,0.3232020547945205,0.12204547460881189,0.0,0.0,0.3313356164383562,0.11551558202412968,49.08484895262,0.8245243002077038,3.8973677533946627,6.3496759217539624
dac,4,114,4.0,0.0,0.012040189140753573,0.05657419331586128,1.0,0.0,1.0,0.0,0.0,0.0,0.3371710526315789,0.11032821506415684,0.0,0.0,0.3300438596491228,0.11183673017699533,0.0,0.0,0.32401315789473684,0.10424310445717648,48.93201915004797,0.5942435851663036,4.620232502619426,4.4716428667859205
dac,5,114,5.0,0.0,0.01333250077735357,0.054597244952202445,1.0,0.0,1.0,0.0,0.0,0.0,0.31469298245614036,0.12796104308439074,0.0,0.0,0.31140350877192985,0.10437997550265153,0.0,0.0,0.3360745614035088,0.12538054761923342,48.95425080416496,0.6433227065806852,4.76661449827646,4.326327187033598
dac,6,91,6.0,0.0,0.002039271407002673,0.005124025803607277,1.0,0.0,1.0,0.0,0.0,0.0,0.34615384615384615,0.12232989293295127,0.0,0.0,0.33035714285714285,0.10895896711567,0.0,0.0,0.30357142857142855,0.11063449801353299,48.8278439280751,0.3129387174715186,5.969202070118307,2.5419678101170105
dynamic_range_compression,0,113,0.0,0.0,0.024782261436015376,0.07822325689990356,0.9911504424778761,0.09365491366600322,0.9994469026548672,0.005853432104125201,0.9911504424778761,0.09365491366600322,0.9994469026548672,0.005853432104125201,0.0,0.0,0.3307522123893805,0.12239583116371151,0.0,0.0,0.3196902654867257,0.11453790033523337,48.9536969007644,0.8093995320406703,32.758746442541614,23.255011808052814
dynamic_range_compression,1,113,1.0,0.0,0.027370335729471854,0.08433021230684914,0.9911504424778761,0.09365491366600322,0.9994469026548672,0.005853432104125201,0.9911504424778761,0.09365491366600322,0.9994469026548672,0.005853432104125201,0.0,0.0,0.3252212389380531,0.1140561292121314,0.0,0.0,0.3185840707964602,0.11216290504611749,48.94560734571609,0.817992307730978,35.43416877341481,24.70219383854576
dynamic_range_compression,2,110,2.0,0.0,0.02480835865553032,0.06478242337278294,0.9818181818181818,0.13360853142453696,0.9988636363636364,0.008350533214033562,0.9636363636363636,0.18719327529067276,0.9977272727272727,0.011699579705667046,0.0,0.0,0.3397727272727273,0.1301570491291829,0.0,0.0,0.3477272727272727,0.12961023101387897,48.93035881736062,0.836980646495319,32.981694134798914,23.233459181980436
dynamic_range_compression,3,98,3.0,0.0,0.03291448824927323,0.1296375863893023,0.9897959183673469,0.10049854899791943,0.9987244897959183,0.01256231862473993,0.9897959183673469,0.10049854899791943,0.9974489795918368,0.02512463724947986,0.0,0.0,0.30739795918367346,0.10627380787726122,0.0,0.0,0.305484693877551,0.10407920978072306,48.92310788680096,0.9840016884145047,33.908903968577484,23.49913873310414
dynamic_range_compression,4,73,4.0,0.0,0.020587110807019058,0.07099076343971797,0.9863013698630136,0.11623673115395303,0.9991438356164384,0.007264795697122064,0.9863013698630136,0.11623673115395303,0.9991438356164384,0.007264795697122064,0.0,0.0,0.3416095890410959,0.10804645267405844,0.0,0.0,0.3313356164383562,0.10328763716797519,48.86383777775177,0.9374050024942993,31.375700754662084,22.043012493696462
dynamic_range_compression,5,73,5.0,0.0,0.02044082481602697,0.07753008940276124,1.0,0.0,1.0,0.0,1.0,0.0,1.0,0.0,0.0,0.0,0.3125,0.11093855512714518,0.0,0.0,0.3150684931506849,0.10419207483956369,48.854436273444186,0.9481879629644674,31.8984804414723,21.74513129675336
dynamic_range_compression,6,50,6.0,0.0,0.001840372689648843,0.004107445288741528,1.0,0.0,1.0,0.0,1.0,0.0,1.0,0.0,0.0,0.0,0.325,0.11249999999999999,0.0,0.0,0.31375,0.1246808425540989,48.8444792175293,0.32643209121827327,28.88464538574219,21.57296400843472
dynamic_range_expansion,0,117,0.0,0.0,0.03132856671095695,0.09345039305030779,0.9914529914529915,0.09205409926725645,0.999465811965812,0.005753381204203528,0.9316239316239316,0.2523901377817675,0.9775641025641025,0.11188147228017348,0.0,0.0,0.3157051282051282,0.10958539100819718,0.0,0.0,0.3301282051282051,0.10555047307740457,49.039344950618904,0.6228269733764318,23.301921566836853,24.848437085432593
dynamic_range_expansion,1,117,1.0,0.0,0.023929412047273814,0.06188710407162746,0.9914529914529915,0.09205409926725645,0.999465811965812,0.005753381204203528,0.905982905982906,0.2918524970763055,0.9893162393162394,0.04497342987147261,0.0,0.0,0.3173076923076923,0.10876204808305867,0.0,0.0,0.3392094017094017,0.1313342320566061,49.04008774064545,0.4812218607188593,25.502020868480717,26.569605184041464
dynamic_range_expansion,2,116,2.0,0.0,0.024327778311140438,0.05826444164464475,0.9827586206896551,0.13016955922880602,0.9989224137931034,0.008135597451800378,0.9137931034482759,0.2806693206224088,0.9800646551724138,0.0908677404293909,0.0,0.0,0.30064655172413796,0.10345388813799129,0.0,0.0,0.30872844827586204,0.1114077705811763,49.01257978636643,0.46901884126608057,25.06089423140832,25.717443696215884
dynamic_range_expansion,3,106,3.0,0.0,0.01775352832256354,0.04674873554746094,0.9905660377358491,0.09666934684867547,0.9994103773584906,0.006041834178042217,0.9150943396226415,0.2787412585413991,0.9770047169811321,0.09687232638509058,0.0,0.0,0.3130896226415094,0.12977191161131066,0.0,0.0,0.3125,0.1296311894685028,49.02731028142965,0.44435178195658354,26.248147815465927,28.000350686184774
dynamic_range_expansion,4,74,4.0,0.0,0.011988347685978671,0.050793907318333845,1.0,0.0,1.0,0.0,0.9459459459459459,0.2261243314956961,0.9940878378378378,0.02552017724617927,0.0,0.0,0.34290540540540543,0.10640551181097041,0.0,0.0,0.3251689189189189,0.1219993430705349,48.9459222845129,0.3604238933341665,27.03249061268729,28.15851617811023
dynamic_range_expansion,5,74,5.0,0.0,0.012905422171974884,0.055234341960070155,1.0,0.0,1.0,0.0,0.9459459459459459,0.22612433149569608,0.9755067567567568,0.10767504583183041,0.0,0.0,0.3277027027027027,0.11246753041700883,0.0,0.0,0.3260135135135135,0.11817082724589663,48.92534322996397,0.3603359475894485,29.487686838652635,28.90994392398922
dynamic_range_expansion,6,52,6.0,0.0,0.0016527148211240975,0.004094798606487347,1.0,0.0,1.0,0.0,0.9807692307692307,0.13733516208736252,0.9975961538461539,0.017166895260920315,0.0,0.0,0.33413461538461536,0.11359285914144865,0.0,0.0,0.32211538461538464,0.09911311600042454,48.865709231450005,0.3009526921513232,27.83483230150663,27.234958874564946
encodec,0,170,0.0,0.0,0.03528904269659004,0.10337656167311235,0.9882352941176471,0.10782531046954917,0.9988970588235294,0.010661764705882353,0.0,0.0,0.3338235294117647,0.13861610563164886,0.0,0.0,0.33051470588235293,0.10898053558630642,0.0,0.0,0.31213235294117647,0.11190550825056204,49.07513901205624,0.7400457330444075,8.510743033316206,8.508469314682332
encodec,1,170,1.0,0.0,0.039330719574827214,0.10426533797732584,0.9882352941176471,0.10782531046954918,0.9988970588235294,0.010661764705882353,0.0,0.0,0.3466911764705882,0.12353214720360674,0.0,0.0,0.33492647058823527,0.11713410692531151,0.0,0.0,0.3246323529411765,0.10767791766786354,49.09425481908462,0.7237417860645624,8.583796532101491,8.547676013936277
encodec,2,167,2.0,0.0,0.03737925497150652,0.106547729230304,0.9820359281437125,0.13282079648394512,0.9985029940119761,0.011751735380320046,0.0,0.0,0.33944610778443113,0.12032403891632829,0.0,0.0,0.3241017964071856,0.11579561463211985,0.0,0.0,0.3188622754491018,0.11478361136997611,49.09179934198985,0.7176776826630211,8.58284021744471,8.130778968224599
encodec,3,151,3.0,0.0,0.03572917750459427,0.11158179456863632,0.9867549668874173,0.11432236093796072,0.9966887417218543,0.03581195098729018,0.0,0.0,0.34892384105960267,0.12193205615842412,0.0,0.0,0.32822847682119205,0.12421494848640903,0.0,0.0,0.31374172185430466,0.11154167774953412,49.05674718389448,0.7528997533916139,9.308764092574846,7.485983301014994
encodec,4,118,4.0,0.0,0.01828812135734252,0.07768985613909415,0.9915254237288136,0.09166655785077935,0.9994703389830508,0.005729159865673714,0.0,0.0,0.3167372881355932,0.1096897147632775,0.0,0.0,0.3400423728813559,0.11834575845175854,0.0,0.0,0.3125,0.09523888342087089,48.969048710192666,0.4179946702738104,10.463643669198126,6.00350972142776
encodec,5,118,5.0,0.0,0.02152520454301999,0.08725200861014963,0.9915254237288136,0.09166655785077935,0.9994703389830508,0.005729159865673714,0.0,0.0,0.3527542372881356,0.13283830724559803,0.0,0.0,0.3315677966101695,0.1169291925978528,0.0,0.0,0.319385593220339,0.1184132989520851,48.97207680395094,0.4228050835488054,10.64610205717006,5.998097522598038
encodec,6,78,6.0,0.0,0.001420607670882191,0.0031821533546427905,1.0,0.0,1.0,0.0,0.0,0.0,0.3189102564102564,0.11436740008629365,0.0,0.0,0.31971153846153844,0.11584277362096107,0.0,0.0,0.30288461538461536,0.12095909255201082,48.810359123425606,0.29629234705872626,11.920309219604883,2.5090055967264013
eq,0,137,0.0,0.0,0.056709843556633124,0.16115197630875122,0.9708029197080292,0.1683585780243912,0.9958941605839416,0.027440608105515633,0.9124087591240876,0.28269951432170926,0.9867700729927007,0.05519884475275245,0.0,0.0,0.33941605839416056,0.12006585129518495,0.0,0.0,0.32983576642335766,0.11569616497263899,49.141940513666526,1.3122052072070556,11.613478594452795,3.541589347924293
eq,1,137,1.0,0.0,0.057243497189133276,0.151964841058242,0.9708029197080292,0.16835857802439116,0.9977189781021898,0.01394225072074464,0.927007299270073,0.2601245208935104,0.9867700729927007,0.06471030374633994,0.0,0.0,0.3362226277372263,0.11280154913823438,0.0,0.0,0.33257299270072993,0.11549992163782197,49.11528527475622,1.1166231378702156,11.364827841737844,3.58308534735894
eq,2,136,2.0,0.0,0.05775746587676884,0.1658646349914004,0.9705882352941176,0.16895772489817729,0.9954044117647058,0.030910242133823963,0.9338235294117647,0.24859031624083777,0.9885110294117647,0.061200744508151834,0.0,0.0,0.3552389705882353,0.11636098381683899,0.0,0.0,0.34375,0.125,49.163330779356116,1.2268796731503269,11.702721448505626,3.579710818109687
eq,3,117,3.0,0.0,0.0336086734306196,0.09552868626420984,0.9914529914529915,0.09205409926725645,0.999465811965812,0.005753381204203528,0.9572649572649573,0.20225913788374755,0.9946581196581197,0.03224655613843286,0.0,0.0,0.343482905982906,0.11999152269956571,0.0,0.0,0.3402777777777778,0.11007125595047385,49.04484069041717,0.5516780515777423,11.690329714718027,3.4499370705709187
eq,4,89,4.0,0.0,0.02993230887865364,0.09919385953072676,0.9887640449438202,0.10540260134434672,0.9992977528089888,0.006587662584021671,0.9550561797752809,0.20718077432118845,0.9922752808988764,0.05367484352253193,0.0,0.0,0.300561797752809,0.10553352468634382,0.0,0.0,0.3181179775280899,0.10708751599184131,48.949559629633185,0.40223790414773325,11.648334888929732,3.2635048687673125
eq,5,89,5.0,0.0,0.03141748678598797,0.11252333256583437,0.9775280898876404,0.1482124264974485,0.9985955056179775,0.00926327665609053,0.9438202247191011,0.23026855653841793,0.9845505617977528,0.07627710588182314,0.0,0.0,0.3258426966292135,0.11183162492918192,0.0,0.0,0.32303370786516855,0.11785624450744138,48.92336268907183,0.36946326136531304,11.936143767967653,3.5858326631711535
eq,6,63,6.0,0.0,0.001359271388325158,0.0035983764663501377,1.0,0.0,1.0,0.0,0.9841269841269841,0.12498425196844143,0.9990079365079365,0.00781151574802759,0.0,0.0,0.3323412698412698,0.12930359333437394,0.0,0.0,0.3253968253968254,0.10336520855262782,48.827012258862695,0.2834940911728976,11.949003336921571,3.0150579889981386
gain,0,46,0.0,0.0,0.01999088057581585,0.06759177555871271,0.9782608695652174,0.14583052027172538,0.998641304347826,0.00911440751698284,0.9782608695652174,0.14583052027172538,0.998641304347826,0.00911440751698284,0.0,0.0,0.3451086956521739,0.12137343170721354,0.0,0.0,0.3070652173913043,0.10329661852580549,48.938341472459875,0.5295282707516755,83.38463559358016,2.2528454646036264
gain,1,46,1.0,0.0,0.0205318055316984,0.07461529860494825,0.9782608695652174,0.14583052027172538,0.998641304347826,0.00911440751698284,0.9782608695652174,0.14583052027172538,0.998641304347826,0.00911440751698284,0.0,0.0,0.33695652173913043,0.13759770544752353,0.0,0.0,0.3546195652173913,0.12435591386361343,48.84449701723845,0.43741648764967633,83.38461784694506,2.2527611232123186
gain,2,46,2.0,0.0,0.018264977136475336,0.05482097399106224,1.0,0.0,1.0,0.0,1.0,0.0,1.0,0.0,0.0,0.0,0.328804347826087,0.11167784015236153,0.0,0.0,0.3451086956521739,0.12067175712594846,48.98397238358207,0.5214794360046332,83.38455017753269,2.252668226485326
gain,3,39,3.0,0.0,0.008219898930595358,0.02806131321870433,1.0,0.0,1.0,0.0,1.0,0.0,1.0,0.0,0.0,0.0,0.35096153846153844,0.11288696323946361,0.0,0.0,0.3157051282051282,0.12967902771887121,49.01233438345102,0.7535666488781265,83.3997080876277,2.298126368361242
gain,4,32,4.0,0.0,0.02479075201846411,0.09972249496628142,1.0,0.0,1.0,0.0,1.0,0.0,1.0,0.0,0.0,0.0,0.345703125,0.14572720980563092,0.0,0.0,0.3359375,0.10797089813347854,49.062302470207214,0.7145299554276292,83.2431857585907,2.457726266441608
gain,5,32,5.0,0.0,0.016276035336333535,0.04834251563739222,1.0,0.0,1.0,0.0,1.0,0.0,1.0,0.0,0.0,0.0,0.337890625,0.10229229980604296,0.0,0.0,0.3359375,0.10095974986968817,48.973074316978455,0.4374282993524774,83.24319529533386,2.4578798278302156
gain,6,21,6.0,0.0,0.0019332905748087857,0.006596937655004879,1.0,0.0,1.0,0.0,1.0,0.0,1.0,0.0,0.0,0.0,0.33630952380952384,0.12717774178108035,0.0,0.0,0.3273809523809524,0.1036979249415735,48.77098882765997,0.3251939752451509,82.6149655296689,2.5319560902307456
gaussian_noise,0,108,0.0,0.0,0.03398124460511432,0.08051808003937612,1.0,0.0,1.0,0.0,1.0,0.0,1.0,0.0,0.0,0.0,0.33391203703703703,0.11062023851865693,0.0,0.0,0.3431712962962963,0.11552497248945783,49.12012340404369,0.5755449364845212,50.64827420976427,5.451770998241354
gaussian_noise,1,108,1.0,0.0,0.03687739252278158,0.08159288284618395,1.0,0.0,1.0,0.0,1.0,0.0,1.0,0.0,0.0,0.0,0.32175925925925924,0.11148423077082432,0.0,0.0,0.33564814814814814,0.11680070195873023,49.11591759434453,0.5393043963929622,50.64759922027588,5.452435390235458
gaussian_noise,2,107,2.0,0.0,0.028114892429050083,0.07557143185473414,0.9906542056074766,0.09622084243913082,0.9994158878504673,0.006013802652445676,0.9906542056074766,0.09622084243913082,0.9994158878504673,0.006013802652445676,0.0,0.0,0.3352803738317757,0.12126201987960125,0.0,0.0,0.33936915887850466,0.12415372097526033,49.08703980490426,0.5446653102444929,50.65616732445833,5.476693085276219
gaussian_noise,3,95,3.0,0.0,0.04066646909833131,0.11831504944036828,0.9789473684210527,0.1435598073366932,0.9980263157894737,0.01420199549008086,0.968421052631579,0.17487629185090686,0.9973684210526316,0.01548500302097345,0.0,0.0,0.3111842105263158,0.11252885133276473,0.0,0.0,0.3131578947368421,0.10748880634886922,49.064541344893605,0.47155287549288066,50.60944988853053,5.369864786006532
gaussian_noise,4,65,4.0,0.0,0.020383776725487267,0.07087880860483632,0.9846153846153847,0.12307692307692307,0.9990384615384615,0.007692307692307692,0.9846153846153847,0.12307692307692307,0.9990384615384615,0.007692307692307692,0.0,0.0,0.30288461538461536,0.10754626085946489,0.0,0.0,0.31826923076923075,0.12145110054044471,48.987537853534405,0.4248581055961202,50.57606559166541,5.216371046410227
gaussian_noise,5,65,5.0,0.0,0.02634289245089158,0.08472458611509132,0.9846153846153847,0.12307692307692307,0.9990384615384615,0.007692307692307692,0.9846153846153847,0.12307692307692307,0.9990384615384615,0.007692307692307692,0.0,0.0,0.3153846153846154,0.11930828745573924,0.0,0.0,0.32019230769230766,0.12183872354967043,49.00187630286584,0.4162921076848919,50.576339897742635,5.215320254578282
gaussian_noise,6,47,6.0,0.0,0.002639109140243988,0.006068359943220161,1.0,0.0,1.0,0.0,1.0,0.0,1.0,0.0,0.0,0.0,0.3390957446808511,0.11146441271114828,0.0,0.0,0.3337765957446808,0.1041657235508837,48.93312015939266,0.3768840865483748,50.143985829454785,5.128432507201662
highpass,0,109,0.0,0.0,0.03141341671564249,0.06690897615689925,1.0,0.0,1.0,0.0,0.963302752293578,0.18801744524696512,0.9885321100917431,0.07766903067980298,0.0,0.0,0.3079128440366973,0.11568082957190254,0.0,0.0,0.3113532110091743,0.11730367754217588,48.97514693233945,0.4100657444843307,2.630956807507014,11.665507915288027
highpass,1,109,1.0,0.0,0.03660700408958616,0.07903939281606127,1.0,0.0,1.0,0.0,0.9724770642201835,0.16360141743235787,0.9959862385321101,0.030846279028240275,0.0,0.0,0.3211009174311927,0.11926881171831807,0.0,0.0,0.3211009174311927,0.11436022235844909,49.05525924962595,0.42806941666619647,2.5429389322296196,10.659580410062429
highpass,2,108,2.0,0.0,0.030818899817319403,0.07025899605103238,1.0,0.0,1.0,0.0,0.9814814814814815,0.13481684980149108,0.9988425925925926,0.008426053112593193,0.0,0.0,0.3142361111111111,0.10186993473736529,0.0,0.0,0.3304398148148148,0.1102563451939219,48.993535147772896,0.40123405248489236,2.51930980446438,10.402356170854183
highpass,3,92,3.0,0.0,0.02361931203176945,0.04830564509431567,0.9891304347826086,0.10368904363227667,0.9993206521739131,0.006480565227017293,0.9782608695652174,0.14583052027172538,0.998641304347826,0.00911440751698284,0.0,0.0,0.32472826086956524,0.1274352225267947,0.0,0.0,0.34171195652173914,0.13368315545607742,48.98586629784626,0.4079730155730617,2.0606249663978815,9.758091051239324
highpass,4,70,4.0,0.0,0.019295989883675747,0.05090028241144557,0.9857142857142858,0.11866605518454393,0.9991071428571429,0.0074166284490339955,0.9857142857142858,0.11866605518454393,0.9991071428571429,0.0074166284490339955,0.0,0.0,0.32589285714285715,0.1127442077339276,0.0,0.0,0.33035714285714285,0.11087258268768134,48.87439351763044,0.44484000904098064,2.4189448833465574,10.575303646906137
highpass,5,70,5.0,0.0,0.01799696016780148,0.04343330024504045,1.0,0.0,1.0,0.0,0.9714285714285714,0.1665986255670086,0.9892857142857143,0.08181222277825217,0.0,0.0,0.30714285714285716,0.10550836604801747,0.0,0.0,0.3142857142857143,0.11474517018869532,48.90404368809291,0.43470202035811195,2.8287379533052444,10.571358555986219
highpass,6,45,6.0,0.0,0.0009581798195817183,0.0021332843805704094,1.0,0.0,1.0,0.0,1.0,0.0,1.0,0.0,0.0,0.0,0.29583333333333334,0.0980716857994985,0.0,0.0,0.31805555555555554,0.08919219087779066,48.80433943006727,0.2834643374420366,4.613819061468045,8.97018867930338
limiter,0,104,0.0,0.0,0.03479202349898806,0.08928268144860026,0.9903846153846154,0.09758549581819442,0.9987980769230769,0.012198186977274303,0.9807692307692307,0.13733516208736252,0.9927884615384616,0.06208255562569693,0.0,0.0,0.3167067307692308,0.11474274341427962,0.0,0.0,0.30709134615384615,0.11170612553841107,48.912590100215034,1.407742371261889,20.16557914018631,14.433083756133994
limiter,1,104,1.0,0.0,0.044140921707318696,0.12356138964848838,1.0,0.0,1.0,0.0,0.9711538461538461,0.16737399216855015,0.9939903846153846,0.04463328035487292,0.0,0.0,0.3371394230769231,0.12053886336130928,0.0,0.0,0.34134615384615385,0.11495814616556098,49.06308761009803,1.3560054790228977,23.40935346713433,18.463626086556385
limiter,2,103,2.0,0.0,0.03795500489365559,0.11290362990005036,0.9805825242718447,0.13798709129662037,0.9981796116504854,0.013649541115536403,0.9611650485436893,0.1932014440983728,0.9945388349514563,0.03030337618733926,0.0,0.0,0.3143203883495146,0.10823786854080669,0.0,0.0,0.3258495145631068,0.11962043196077665,48.90844789523523,1.3666436993435422,24.39286194958733,18.941845543305877
limiter,3,93,3.0,0.0,0.04190415285576934,0.1169596808955589,1.0,0.0,1.0,0.0,0.989247311827957,0.10313616179167141,0.9986559139784946,0.012892020223958927,0.0,0.0,0.3030913978494624,0.12565227548518632,0.0,0.0,0.29905913978494625,0.12223056499343717,48.946920784570835,1.3952697771736262,22.285412070571734,16.447360174607663
limiter,4,75,4.0,0.0,0.028898053807532454,0.0844590900609176,1.0,0.0,1.0,0.0,0.9866666666666667,0.11469767022723507,0.9991666666666666,0.007168604389202191,0.0,0.0,0.315,0.11656543226874767,0.0,0.0,0.3275,0.10745153946469699,48.96748392740886,0.7618629020379676,23.029009348551433,16.98244585305696
limiter,5,75,5.0,0.0,0.03103116308935452,0.10284116225121888,1.0,0.0,1.0,0.0,0.9733333333333334,0.16110727964792762,0.9958333333333333,0.025685058345704077,0.0,0.0,0.3475,0.11512674175302047,0.0,0.0,0.31833333333333336,0.11644622030028377,48.893349151611325,1.6000352249447378,22.84478681564331,17.16589837477892
limiter,6,51,6.0,0.0,0.0018204303429077303,0.004493689111782029,1.0,0.0,1.0,0.0,1.0,0.0,1.0,0.0,0.0,0.0,0.31495098039215685,0.1064414252480807,0.0,0.0,0.30269607843137253,0.1136869229736188,48.82175557753619,0.24210592799953048,23.640294916489545,16.62502634067389
lowpass,0,133,0.0,0.0,0.0329405307591129,0.09989130388659004,1.0,0.0,1.0,0.0,1.0,0.0,1.0,0.0,0.0,0.0,0.3294172932330827,0.1095015566279841,0.0,0.0,0.33270676691729323,0.10717582924923633,49.06527170740572,0.6439339723834459,25.681080244537583,10.228706680242158
lowpass,1,133,1.0,0.0,0.02481463230227417,0.07312387717047733,0.9924812030075187,0.08638440069981998,0.9995300751879699,0.005399025043738749,0.9924812030075187,0.08638440069981998,0.9995300751879699,0.005399025043738749,0.0,0.0,0.3341165413533835,0.1094793709276522,0.0,0.0,0.3294172932330827,0.10733436584767031,49.03453359388767,0.4667820436179779,25.452874123601987,10.3647563452415
lowpass,2,131,2.0,0.0,0.029459429676771804,0.08719804983314548,0.9847328244274809,0.12261357560464894,0.9990458015267175,0.007663348475290558,0.9847328244274809,0.12261357560464894,0.9990458015267175,0.007663348475290558,0.0,0.0,0.33969465648854963,0.11612050486815927,0.0,0.0,0.33826335877862596,0.11682990389314048,49.040286231586954,0.5973628933458294,25.413039766422663,10.412339729629114
lowpass,3,119,3.0,0.0,0.02863862499573089,0.09103699544626659,1.0,0.0,1.0,0.0,1.0,0.0,1.0,0.0,0.0,0.0,0.32195378151260506,0.1067688934256941,0.0,0.0,0.32090336134453784,0.10624053645073532,49.03826352928867,0.6451404752489519,25.86786526641926,9.862109857577623
lowpass,4,88,4.0,0.0,0.02122893265644562,0.07405834282950442,0.9886363636363636,0.10599294378510019,0.9992897727272727,0.006624558986568761,0.9886363636363636,0.10599294378510019,0.9992897727272727,0.006624558986568761,0.0,0.0,0.33167613636363635,0.11320719740441958,0.0,0.0,0.3330965909090909,0.11451850430950969,48.976821119135074,0.3581277038417757,26.63006778196855,9.02198817935218
lowpass,5,88,5.0,0.0,0.023771097180141785,0.08091512886954566,0.9886363636363636,0.10599294378510019,0.9992897727272727,0.006624558986568761,0.9886363636363636,0.10599294378510019,0.9992897727272727,0.006624558986568761,0.0,0.0,0.3387784090909091,0.11017225299179095,0.0,0.0,0.34019886363636365,0.11102967303456866,48.96756926449862,0.43714430480170996,26.62709162452004,8.982621824953503
lowpass,6,62,6.0,0.0,0.0024150749245753634,0.0065152065227957025,1.0,0.0,1.0,0.0,1.0,0.0,1.0,0.0,0.0,0.0,0.3245967741935484,0.09380959777525678,0.0,0.0,0.32661290322580644,0.0968371770848615,48.86153387254284,0.2846951782090722,27.935932820843114,8.793186280587646
mp3,0,115,0.0,0.0,0.042367145298827846,0.1025565880718492,0.991304347826087,0.09284415871331572,0.9994565217391305,0.0058027599195822335,0.7565217391304347,0.42918131058271536,0.9027173913043478,0.20023615547251228,0.0,0.0,0.3282608695652174,0.11825367625181868,0.0,0.0,0.3217391304347826,0.10466155283924522,49.124595940631366,0.6277624933158463,30.537879740673564,10.378720010306958
mp3,1,115,1.0,0.0,0.04681051954702184,0.11438666859281725,0.9739130434782609,0.15939393721585524,0.9978260869565218,0.014109516288855619,0.7391304347826086,0.4391089103635687,0.9010869565217391,0.19935061161583328,0.0,0.0,0.31521739130434784,0.11926840629865394,0.0,0.0,0.32608695652173914,0.12494091231057228,49.16227745387865,0.8716221228075498,31.01644527601159,10.725605275782417
mp3,2,114,2.0,0.0,0.051160409803002876,0.1290134646750433,0.9649122807017544,0.1840015523105529,0.9967105263157895,0.020009087270717835,0.7368421052631579,0.44034738238635557,0.8985745614035088,0.21225320273714612,0.0,0.0,0.32401315789473684,0.12012585615968727,0.0,0.0,0.3404605263157895,0.11768395724441563,49.16754421434904,0.8294699886831387,31.12437543534396,10.730316324211103
mp3,3,99,3.0,0.0,0.051692074001061135,0.12924057154691093,0.9696969696969697,0.17141982574219336,0.9968434343434344,0.0205928111493688,0.696969696969697,0.459568208730397,0.8813131313131313,0.23645352743329806,0.0,0.0,0.3068181818181818,0.11954343816711742,0.0,0.0,0.3472222222222222,0.11031914726668071,49.18034224076705,0.9509548319462885,31.768775737646855,10.516376150564236
mp3,4,74,4.0,0.0,0.031370073157343685,0.09148784397776281,0.9864864864864865,0.11545951007185856,0.9991554054054054,0.007216219379491159,0.7702702702702703,0.4206589842236049,0.9206081081081081,0.18673755377082735,0.0,0.0,0.32010135135135137,0.11393264901549233,0.0,0.0,0.31925675675675674,0.12268445140484754,49.05526351928711,0.40322023658868766,32.29742239617013,9.158216789941566
mp3,5,74,5.0,0.0,0.03273078627728719,0.09130091682312534,0.972972972972973,0.16216216216216214,0.9983108108108109,0.010135135135135136,0.7702702702702703,0.4206589842236049,0.9054054054054054,0.21138500285081968,0.0,0.0,0.32010135135135137,0.14011363582506806,0.0,0.0,0.3251689189189189,0.13197584435579815,49.05253338169407,0.43552986935211807,32.6511608587729,9.108132509745507
mp3,6,47,6.0,0.0,0.0011970048717953757,0.0029096006409046627,1.0,0.0,1.0,0.0,0.8936170212765957,0.3083271648125413,0.9920212765957447,0.024520065045991718,0.0,0.0,0.3071808510638298,0.11804436713389439,0.0,0.0,0.33643617021276595,0.1120656445647626,48.874363107884186,0.3343339399797634,35.43986133818931,7.336897717100668
phase_shift,0,58,0.0,0.0,0.040050643994064924,0.08048210374040105,1.0,0.0,1.0,0.0,0.3103448275862069,0.46263475396547377,0.71875,0.28101043436879336,0.0,0.0,0.33189655172413796,0.12830065574256222,0.0,0.0,0.32112068965517243,0.0924465973686518,49.21994334253772,0.7388718804756367,-22.64500275151483,10.684808274143169
phase_shift,1,58,1.0,0.0,0.037130567316923754,0.08954673824493661,1.0,0.0,1.0,0.0,0.3793103448275862,0.48521542343001,0.6918103448275862,0.29970847656926103,0.0,0.0,0.3146551724137931,0.11833839580424435,0.0,0.0,0.36530172413793105,0.12161456708824742,49.16606028326626,0.7532331489890354,-24.05630243235621,10.840106003100507
phase_shift,2,57,2.0,0.0,0.04042968586349319,0.11039747796157129,0.9649122807017544,0.1840015523105529,0.9978070175438597,0.011500097019409558,0.22807017543859648,0.4195880962491718,0.6973684210526315,0.27149618792057034,0.0,0.0,0.34868421052631576,0.11164843913471804,0.0,0.0,0.35635964912280704,0.11165920717632427,49.163430531819664,0.8209579975532423,-24.23116804424085,11.757348380379037
phase_shift,3,47,3.0,0.0,0.03332383853819494,0.07874471061552545,1.0,0.0,1.0,0.0,0.425531914893617,0.4944234058988191,0.738031914893617,0.30198762487423925,0.0,0.0,0.3071808510638298,0.11078013616839642,0.0,0.0,0.30319148936170215,0.11457797461988305,49.108674313159696,0.7474257294963423,-24.862691422726247,11.784911921736157
phase_shift,4,35,4.0,0.0,0.007817337974486374,0.024500456468652006,1.0,0.0,1.0,0.0,0.4,0.48989794855663565,0.7839285714285714,0.26446663691440614,0.0,0.0,0.3053571428571429,0.11355795068274749,0.0,0.0,0.3196428571428571,0.1105701827172337,48.99892327444894,0.39845487067123486,-23.12724245616368,11.549174634243398
phase_shift,5,35,5.0,0.0,0.007452127922169978,0.024721923432464418,1.0,0.0,1.0,0.0,0.42857142857142855,0.49487165930539345,0.7857142857142857,0.25498849513862626,0.0,0.0,0.3196428571428571,0.10433829398565388,0.0,0.0,0.30178571428571427,0.11128883179202059,48.93570164271763,0.38284888483456714,-23.325184794834684,7.947186796919693
phase_shift,6,27,6.0,0.0,0.002442035950360166,0.006588659795485522,1.0,0.0,1.0,0.0,0.4444444444444444,0.4969039949999533,0.8032407407407407,0.2379647643684518,0.0,0.0,0.3611111111111111,0.09212846639876111,0.0,0.0,0.31712962962962965,0.13168020975303604,48.91661311961986,0.28235754997769913,-22.708198052865487,12.43508662617992
polarity,0,51,0.0,0.0,0.04214631054876031,0.13907585935854017,0.9803921568627451,0.1386483884679505,0.9963235294117647,0.025996572837740727,0.9803921568627451,0.1386483884679505,0.9963235294117647,0.025996572837740727,0.0,0.0,0.33088235294117646,0.11021238801920157,0.0,0.0,0.32965686274509803,0.1107561130166177,49.08256702797085,0.5894428308989337,92.11520714853324,1.2486045727445618
polarity,1,51,1.0,0.0,0.04076718111226685,0.10787978286223261,0.9803921568627451,0.1386483884679505,0.9987745098039216,0.008665524279246906,0.9803921568627451,0.1386483884679505,0.9987745098039216,0.008665524279246906,0.0,0.0,0.30269607843137253,0.11301119493527945,0.0,0.0,0.30269607843137253,0.11301119493527945,49.09808132695217,0.6946991191782996,92.27204371433632,0.2586225859781361
polarity,2,50,2.0,0.0,0.039512459648437706,0.10369680558277361,0.96,0.19595917942265428,0.9975,0.01224744871391589,0.96,0.19595917942265428,0.9975,0.01224744871391589,0.0,0.0,0.32375,0.11228451585147436,0.0,0.0,0.32125,0.11525108459359505,49.135043716430665,0.8010143940975973,92.26332473754883,0.2729704969291401
polarity,3,45,3.0,0.0,0.037932734876120776,0.11201962997597567,0.9777777777777777,0.14740554623801777,0.9986111111111111,0.00921284663987611,0.9777777777777777,0.14740554623801777,0.9986111111111111,0.00921284663987611,0.0,0.0,0.3388888888888889,0.11673278549694831,0.0,0.0,0.3375,0.1181453906563152,49.09971728854709,0.8897464844594987,92.28023783365886,0.26820342830530647
polarity,4,37,4.0,0.0,0.04510701168496593,0.13783152287249806,0.972972972972973,0.16216216216216214,0.9983108108108109,0.010135135135135136,0.972972972972973,0.16216216216216214,0.9983108108108109,0.010135135135135136,0.0,0.0,0.28547297297297297,0.11399211364056074,0.0,0.0,0.28716216216216217,0.11484002116069957,49.07565658156936,0.9575762152033387,92.25254821777344,0.36205334898778346
polarity,5,37,5.0,0.0,0.04785228741868533,0.12645109477165847,0.972972972972973,0.16216216216216214,0.9983108108108109,0.010135135135135136,0.972972972972973,0.16216216216216214,0.9983108108108109,0.010135135135135136,0.0,0.0,0.3597972972972973,0.14632707991694402,0.0,0.0,0.35135135135135137,0.14039591050797398,49.13923552229598,0.7422202698225041,92.02338595003695,1.1091669281921477
polarity,6,22,6.0,0.0,0.0011662660235815582,0.002256791994114367,1.0,0.0,1.0,0.0,1.0,0.0,1.0,0.0,0.0,0.0,0.38636363636363635,0.15497933746574835,0.0,0.0,0.38636363636363635,0.15497933746574835,48.91956207968972,0.35537457518648297,92.33912173184481,7.107093648709106e-06
quantization,0,65,0.0,0.0,0.041906930213181794,0.12680626203707823,0.9692307692307692,0.1726918793895665,0.9971153846153846,0.01709268157176075,0.9692307692307692,0.1726918793895665,0.9971153846153846,0.01709268157176075,0.0,0.0,0.31826923076923075,0.13143214326801367,0.0,0.0,0.3057692307692308,0.12931173059177212,49.09591569166917,0.6858547002672063,63.92178943340595,8.349924733134213
quantization,1,65,1.0,0.0,0.03906174536907501,0.11251713185135624,0.9846153846153847,0.12307692307692307,0.9990384615384615,0.007692307692307692,0.9846153846153847,0.12307692307692307,0.9980769230769231,0.015384615384615384,0.0,0.0,0.32596153846153847,0.13932025386172203,0.0,0.0,0.3173076923076923,0.12705412814737638,48.93236976036658,1.0026209544843474,63.825026174692006,8.394595485543768
quantization,2,64,2.0,0.0,0.0386664750053316,0.1269020193328581,0.984375,0.12401959270615269,0.9970703125,0.02325367363240363,0.984375,0.12401959270615269,0.9970703125,0.02325367363240363,0.0,0.0,0.31640625,0.12973220238605948,0.0,0.0,0.3115234375,0.13095772307097278,48.93302124738693,1.0479111498774059,64.0233381986618,8.32949797094286
quantization,3,54,3.0,0.0,0.033329847429643594,0.10611884709248795,0.9629629629629629,0.1888525745775105,0.9976851851851852,0.011803285911094408,0.9629629629629629,0.1888525745775105,0.9965277777777778,0.018698488913661472,0.0,0.0,0.3368055555555556,0.11245926903265036,0.0,0.0,0.3576388888888889,0.11687522694240858,49.043940720734774,0.5018927443351235,63.98660405476888,8.869258330214386
quantization,4,42,4.0,0.0,0.010794355732012647,0.030116513473325977,1.0,0.0,1.0,0.0,1.0,0.0,1.0,0.0,0.0,0.0,0.32589285714285715,0.13606920226900154,0.0,0.0,0.31994047619047616,0.13446486540485092,48.79676782517206,0.9519471754800193,63.72823061261858,9.196993254012476
quantization,5,42,5.0,0.0,0.011198912425922455,0.03576726051675552,1.0,0.0,1.0,0.0,1.0,0.0,1.0,0.0,0.0,0.0,0.31994047619047616,0.13787987362974408,0.0,0.0,0.31398809523809523,0.1275689117270702,48.858260018484934,0.6134145168666016,63.767067773001536,9.177788473636836
quantization,6,28,6.0,0.0,0.003643345763954114,0.007667552221711075,1.0,0.0,1.0,0.0,1.0,0.0,1.0,0.0,0.0,0.0,0.3325892857142857,0.10438699063473143,0.0,0.0,0.33705357142857145,0.11370790738348241,48.78179795401437,0.2998308688519174,63.12538269587925,9.612250437395627
reverb,0,104,0.0,0.0,0.030727381279854176,0.07494734452348258,0.9903846153846154,0.09758549581819442,0.9993990384615384,0.0060990934886371515,0.8269230769230769,0.3783137610174231,0.9549278846153846,0.12086201641090455,0.0,0.0,0.31430288461538464,0.11480567650192046,0.0,0.0,0.31069711538461536,0.10841152938326004,49.04398723749014,0.610442302988263,9.307904977064867,1.7947491065821528
reverb,1,104,1.0,0.0,0.029268969831958556,0.06954589573065008,1.0,0.0,1.0,0.0,0.8076923076923077,0.394113490998446,0.9495192307692307,0.1392364467074479,0.0,0.0,0.3173076923076923,0.12400211900508588,0.0,0.0,0.3359375,0.11826428372627326,49.059294553903435,0.5031939538759813,9.435688266387352,1.8260308862493566
reverb,2,104,2.0,0.0,0.026573214312101558,0.07007285919128173,0.9903846153846154,0.09758549581819442,0.9993990384615384,0.0060990934886371515,0.7403846153846154,0.4384235813529999,0.9248798076923077,0.16702731085975112,0.0,0.0,0.3191105769230769,0.1064753934360398,0.0,0.0,0.32091346153846156,0.11532826147874622,49.0487914452186,0.5103406771242599,9.489549503876614,1.9569193119465815
reverb,3,92,3.0,0.0,0.030493968300433848,0.08475036106097536,1.0,0.0,1.0,0.0,0.717391304347826,0.4502677212436518,0.9347826086956522,0.14799183482815326,0.0,0.0,0.3125,0.10981085516943886,0.0,0.0,0.3328804347826087,0.11138818651662813,49.05502750562585,0.5124793587450012,9.351692033850629,1.8566016628767477
reverb,4,70,4.0,0.0,0.0357967706781853,0.10694652667332082,0.9857142857142858,0.11866605518454393,0.9991071428571429,0.0074166284490339955,0.7714285714285715,0.41991252733425916,0.9482142857142857,0.12498724424712225,0.0,0.0,0.33214285714285713,0.12875730611328826,0.0,0.0,0.3169642857142857,0.11873657281768663,49.07971289498465,0.6040017491385262,9.292877204077584,1.899165587801073
reverb,5,70,5.0,0.0,0.02515226441189291,0.07516973784098943,1.0,0.0,1.0,0.0,0.7857142857142857,0.4103259033241449,0.9383928571428571,0.1614294603325716,0.0,0.0,0.3151785714285714,0.1048147357318169,0.0,0.0,0.3053571428571429,0.10217656786371407,48.98460502624512,0.5471122478370625,9.318497283118111,1.9355617627016124
reverb,6,51,6.0,0.0,0.0010478731426310573,0.0021559024093914564,1.0,0.0,1.0,0.0,0.9607843137254902,0.1941077438551307,0.9975490196078431,0.012131733990945668,0.0,0.0,0.34681372549019607,0.11631186782063403,0.0,0.0,0.3492647058823529,0.10587554444340772,48.82105688955269,0.2850132433918925,9.45252940234016,1.9303266384344084
time_jitter,0,41,0.0,0.0,0.015247812317169013,0.04054174080167741,1.0,0.0,1.0,0.0,0.6829268292682927,0.4653361958131442,0.8765243902439024,0.23241827704093534,0.0,0.0,0.3231707317073171,0.11623413134578203,0.0,0.0,0.3155487804878049,0.09756097560975609,48.98260581784132,0.4576098163816295,32.7177847420297,7.689288350808006
time_jitter,1,41,1.0,0.0,0.013077230720999098,0.03262606706705425,1.0,0.0,1.0,0.0,0.6341463414634146,0.4816687233690609,0.8948170731707317,0.19494322988818705,0.0,0.0,0.3170731707317073,0.1133187045124744,0.0,0.0,0.3353658536585366,0.11855013472697307,49.03008744774795,0.3803508755629148,32.31786965160835,7.293881188479686
time_jitter,2,41,2.0,0.0,0.016681579542590877,0.04234150893721296,1.0,0.0,1.0,0.0,0.5853658536585366,0.49265877748107695,0.8871951219512195,0.2043820214889557,0.0,0.0,0.3094512195121951,0.10232735638316104,0.0,0.0,0.3155487804878049,0.09254944656500329,48.98679863534323,0.3796763306652285,32.72832442492974,8.379993108925142
time_jitter,3,36,3.0,0.0,0.0065813796781209796,0.013470646331466225,1.0,0.0,1.0,0.0,0.7777777777777778,0.41573970964154905,0.9045138888888888,0.21824649946636251,0.0,0.0,0.3368055555555556,0.10752682338334738,0.0,0.0,0.328125,0.13124586633702243,48.915266778733994,0.42772214513637713,32.43677944607205,7.179040634828231
time_jitter,4,26,4.0,0.0,0.0072429062786739115,0.020145924648961845,1.0,0.0,1.0,0.0,0.7692307692307693,0.4213250442347432,0.9254807692307693,0.17679303854035475,0.0,0.0,0.3269230769230769,0.12048042390520834,0.0,0.0,0.3125,0.08667190566019205,48.852822670569786,0.37068935888189625,32.41234045762282,6.916362057609979
time_jitter,5,26,5.0,0.0,0.006136204834451812,0.016700329495309123,1.0,0.0,1.0,0.0,0.8076923076923077,0.39411349099844606,0.9230769230769231,0.1861390450250571,0.0,0.0,0.31490384615384615,0.129115855788421,0.0,0.0,0.31971153846153844,0.12893671472984505,48.879946782038765,0.34913241887735,32.669530355013336,6.717722966517744
time_jitter,6,21,6.0,0.0,0.0008953624467852259,0.0014279154068730605,1.0,0.0,1.0,0.0,0.6190476190476191,0.4856209060564557,0.9226190476190477,0.1442147790426871,0.0,0.0,0.3273809523809524,0.1203058507821889,0.0,0.0,0.32142857142857145,0.09105391988558544,48.879474458240324,0.2904979266135448,31.932508559454057,6.690174542675508
time_stretch,0,58,0.0,0.0,0.047016453745858146,0.1368801817469224,0.9655172413793104,0.18246560765962697,0.9967672413793104,0.018063636437758844,0.1724137931034483,0.3777396948311491,0.6228448275862069,0.2392532601099641,0.0,0.0,0.33189655172413796,0.11144554718834393,0.0,0.0,0.3265086206896552,0.11838254368707254,48.90749898450128,0.753827594528076,-5.477309996968713,9.2607342370891
time_stretch,1,58,1.0,0.0,0.04337683735483336,0.12395654444673512,0.9655172413793104,0.18246560765962697,0.9978448275862069,0.011404100478726684,0.20689655172413793,0.4050806939472666,0.6594827586206896,0.22718420608800755,0.0,0.0,0.3135775862068966,0.1116173343401825,0.0,0.0,0.3297413793103448,0.1382001684644948,48.94663468722639,0.6708908972901625,-5.766723936744805,7.931401111431353
time_stretch,2,57,2.0,0.0,0.04012251620195805,0.1199191687507996,0.9824561403508771,0.13128622409733126,0.9989035087719298,0.008205389006083204,0.17543859649122806,0.3803418138364702,0.6469298245614035,0.2307534462801036,0.0,0.0,0.33223684210526316,0.12563320690703952,0.0,0.0,0.3256578947368421,0.10648956615946478,48.96580860071015,0.6544086369106987,-6.1844034069462825,8.000932758981815
time_stretch,3,50,3.0,0.0,0.036959298401808775,0.11246685491380637,0.98,0.13999999999999999,0.9975,0.017499999999999998,0.22,0.4142463035441596,0.62125,0.28129444093333944,0.0,0.0,0.325,0.11388041973930374,0.0,0.0,0.31,0.09996874511566103,48.85011505126953,0.9930180781723396,-5.155082396864891,9.330840311098976
time_stretch,4,36,4.0,0.0,0.024899582190063094,0.1341128578148865,0.9722222222222222,0.16433554953054486,0.9947916666666666,0.03081291553697717,0.25,0.4330127018922193,0.6180555555555556,0.2743275307653289,0.0,0.0,0.3420138888888889,0.13050891232397752,0.0,0.0,0.3767361111111111,0.09373392351870201,48.88303809695773,0.40572259265167354,-5.9482327451308565,10.000375028862194
time_stretch,5,36,5.0,0.0,0.024450880839526814,0.12767327886040453,0.9722222222222222,0.16433554953054486,0.9982638888888888,0.010270971845659055,0.2222222222222222,0.41573970964154905,0.6979166666666666,0.2212162560582844,0.0,0.0,0.3038194444444444,0.1094025538485288,0.0,0.0,0.3142361111111111,0.09825529997799322,48.86669296688504,0.3351589449120639,-6.476973022851679,8.771352371509714
time_stretch,6,29,6.0,0.0,0.026771820832136098,0.13344221628945835,0.9655172413793104,0.18246560765962697,0.9978448275862069,0.011404100478726684,0.20689655172413793,0.40508069394726653,0.7133620689655172,0.21806681578691317,0.0,0.0,0.3103448275862069,0.09209422680698921,0.0,0.0,0.3081896551724138,0.14207801486077162,48.85511437777815,0.27501647906036725,-6.6628663190479935,11.292292852316187
vorbis,0,123,0.0,0.0,0.045936348349787666,0.12271973532669465,0.983739837398374,0.12647438362686217,0.9979674796747967,0.01580929795335777,0.36585365853658536,0.4816687233690609,0.7240853658536586,0.2972313414748644,0.0,0.0,0.2997967479674797,0.11156435376084375,0.0,0.0,0.30335365853658536,0.11148563894003183,49.08769672672923,0.5511625507570357,20.81053525257886,7.52675972703567
vorbis,1,123,1.0,0.0,0.039246877063781285,0.1054733564616823,0.975609756097561,0.15425744683748188,0.9979674796747967,0.013653484596081712,0.43902439024390244,0.4962680475457513,0.7367886178861789,0.3049652653027541,0.0,0.0,0.32977642276422764,0.10848785483806926,0.0,0.0,0.3018292682926829,0.11866768570749124,49.03883718475094,0.47197756477985336,20.684574231868837,7.435409235980476
vorbis,2,123,2.0,0.0,0.039937308419908474,0.1065099228824054,0.991869918699187,0.08979968306656307,0.9994918699186992,0.0056124801916601925,0.42276422764227645,0.49399861889311575,0.7139227642276422,0.30483570166607,0.0,0.0,0.3236788617886179,0.09826768092385019,0.0,0.0,0.3236788617886179,0.11981961594907634,49.031995819836126,0.42387866608140445,21.00206354187756,7.372567994088976
vorbis,3,108,3.0,0.0,0.04251401709657316,0.11931088442676256,0.9629629629629629,0.18885257457751048,0.9971064814814815,0.015646418790041406,0.4074074074074074,0.4913518207933926,0.7459490740740741,0.29429288242716783,0.0,0.0,0.31655092592592593,0.10666217307841298,0.0,0.0,0.3385416666666667,0.11880633410365016,49.035601403978134,0.40876376683281823,20.840859483789515,7.133156446108484
vorbis,4,75,4.0,0.0,0.03466119525720458,0.11989390334519197,0.9866666666666667,0.11469767022723507,0.9991666666666666,0.007168604389202191,0.48,0.49959983987187184,0.77,0.27313000567495327,0.0,0.0,0.31833333333333336,0.11909963149490523,0.0,0.0,0.31166666666666665,0.13050117070568967,48.9419521077474,0.39159362092064004,21.97032538731893,6.851560000951238
vorbis,5,75,5.0,0.0,0.035338144827810274,0.12828597064497468,0.9866666666666667,0.11469767022723507,0.9975,0.021505813167606566,0.4266666666666667,0.4945929864264375,0.7641666666666667,0.2925415450078084,0.0,0.0,0.3233333333333333,0.12473861560167415,0.0,0.0,0.315,0.10965856099730653,48.93479639689128,0.3762789189909496,21.846470050811767,6.533654685764296
vorbis,6,51,6.0,0.0,0.001127043505945677,0.002611971617133086,1.0,0.0,1.0,0.0,0.6470588235294118,0.47788461203740945,0.8823529411764706,0.22607554034510205,0.0,0.0,0.3174019607843137,0.09811577892768673,0.0,0.0,0.3112745098039216,0.11903036825086351,48.80031069587259,0.23570106258978338,23.783410670710545,5.783406101162
