dataset,attack_type,n,chunk_index_mean,chunk_index_std,bitwise/clean_mean,bitwise/clean_std,bitwise/distorted_mean,bitwise/distorted_std,bitwise/no_watermark_clean_mean,bitwise/no_watermark_clean_std,bitwise/no_watermark_distorted_mean,bitwise/no_watermark_distorted_std,hard/clean_mean,hard/clean_std,hard/distorted_mean,hard/distorted_std,hard/no_watermark_clean_mean,hard/no_watermark_clean_std,hard/no_watermark_distorted_mean,hard/no_watermark_distorted_std,sisnr_wm_mean,sisnr_wm_std,sisnr_attack_mean,sisnr_attack_std
Bach10,background_noise,20,4.5,2.8722813232690143,1.0,0.0,1.0,0.0,0.0,0.0,0.0,0.0,1.0,0.0,1.0,0.0,0.0,0.0,0.0,0.0,37.72996883392334,0.936111232781572,26.069224262237547,2.826307033629856
Bach10,dynamic_range_compression,10,4.5,2.8722813232690143,1.0,0.0,0.99375,0.01875,0.0,0.0,0.0,0.0,1.0,0.0,0.9,0.30000000000000004,0.0,0.0,0.0,0.0,37.25977210998535,0.7285512663275738,13.091052150726318,1.7823929685203577
Bach10,encodec,8,3.5,2.29128784747792,1.0,0.0,0.0,0.0,0.0,0.0,0.0,0.0,1.0,0.0,0.0,0.0,0.0,0.0,0.0,0.0,37.159682273864746,1.134579782188484,10.33198893070221,0.49807425941468786
Bach10,gaussian_noise,26,3.8846153846153846,2.576923076923077,1.0,0.0,1.0,0.0,0.0,0.0,0.0,0.0,1.0,0.0,1.0,0.0,0.0,0.0,0.0,0.0,37.679907872126655,0.9257925934281639,35.10807785621056,0.7606402370967787
Bach10,highpass,20,4.5,2.8722813232690143,1.0,0.0,1.0,0.0,0.0,0.0,0.0,0.0,1.0,0.0,1.0,0.0,0.0,0.0,0.0,0.0,37.429900550842284,0.961448967888054,-7.71280608177185,2.6638418351519126
Bach10,quantization,10,4.5,2.8722813232690143,1.0,0.0,1.0,0.0,0.0,0.0,0.0,0.0,1.0,0.0,1.0,0.0,0.0,0.0,0.0,0.0,37.456034088134764,0.804969266936091,63.50655097961426,0.023446073928933633
Clotho,aac,348,2.9482758620689653,2.1179778942854264,0.9929956896551724,0.07615175493888178,0.9938936781609196,0.07571188138609986,0.0,0.0,0.0,0.0,0.9770114942528736,0.1498667219586816,0.9885057471264368,0.10659331604018049,0.0,0.0,0.0,0.0,35.5561252407644,4.00649369803035,-30.535399223196094,14.668433429282286
Clotho,background_noise,360,2.922222222222222,2.125128899503786,0.9862847222222222,0.10621240597621434,0.9795138888888889,0.12949061453071883,0.0,0.0,0.0,0.0,0.9638888888888889,0.18656660678007758,0.9472222222222222,0.22358954347334156,0.0,0.0,0.0,0.0,35.36966943740845,4.878110232774042,27.149261734220715,4.273618262769386
Clotho,dac,454,2.746696035242291,2.059612706874543,0.9911894273127754,0.08197312347299404,0.0,0.0,0.0,0.0,0.0,0.0,0.9647577092511013,0.18439162587186209,0.0,0.0,0.0,0.0,0.0,0.0,35.0138334576779,3.7853493406225525,-0.650000871662748,8.689240008300128
Clotho,dynamic_range_compression,376,2.8617021276595747,2.0813307109379195,0.996343085106383,0.05224282863392456,0.952626329787234,0.20254818017149614,0.0,0.0,0.0,0.0,0.9840425531914894,0.12531084031265685,0.9042553191489362,0.29424078055190067,0.0,0.0,0.0,0.0,34.9074391811452,4.1635644686458,13.1716592847865,3.8550609211053333
Clotho,dynamic_range_expansion,392,2.8469387755102042,2.0421679197798825,0.9899553571428571,0.08798579385492077,0.9119897959183674,0.27332028970280203,0.0,0.0,0.0,0.0,0.9591836734693877,0.19786448397617673,0.8494897959183674,0.3575708077415408,0.0,0.0,0.0,0.0,34.60079184843569,3.753343558390738,5.5302809463975455,4.910782873047797
Clotho,encodec,554,2.911552346570397,2.110941953150372,0.9942463898916968,0.06206442614237467,0.0,0.0,0.0,0.0,0.0,0.0,0.9747292418772563,0.15694631855078814,0.0,0.0,0.0,0.0,0.0,0.0,35.16624422107793,2.8281619217661427,5.00406907286347,9.713575386460503
Clotho,eq,404,2.8465346534653464,2.085122422335406,0.9961324257425742,0.05066209318805314,0.9859220297029703,0.10039865208968125,0.0012376237623762376,0.0248451236384712,0.0,0.0,0.9777227722772277,0.1475837147105331,0.9356435643564357,0.24538680656225206,0.0,0.0,0.0,0.0,34.417271741546024,4.123769447897274,2.83225845682765,3.7340672313771655
Clotho,gain,148,2.9324324324324325,2.1455868036323094,0.997043918918919,0.015126262405888779,0.9607263513513513,0.18312468369550636,0.0,0.0,0.0,0.0,0.9594594594594594,0.19722323674765438,0.9324324324324325,0.25100237325684743,0.0,0.0,0.0,0.0,35.668752992475355,2.63712048984024,88.93386825355324,9.372885247569279
Clotho,gaussian_noise,342,2.710526315789474,1.9870502582571088,0.9994517543859649,0.005827930818385225,0.8728070175438597,0.32723971962889964,0.0,0.0,0.0,0.0,0.9912280701754386,0.09324689309416359,0.8216374269005848,0.3828176662809215,0.0,0.0,0.0,0.0,34.92319740607724,2.4155188162661,29.391163775795384,5.427398060590193
Clotho,highpass,374,2.8636363636363638,2.0966266862156178,0.9989973262032086,0.009085746804189963,0.9989973262032086,0.009085746804189963,0.0,0.0,0.0,0.0,0.9866310160427807,0.11484883205836648,0.9866310160427807,0.11484883205836648,0.0,0.0,0.0,0.0,34.89433045820756,2.587589395130003,-7.432361084076372,11.021893837859803
Clotho,limiter,310,2.925806451612903,2.116977111725887,0.9907258064516129,0.08088271464024586,0.8729838709677419,0.32284641269722547,0.0,0.0,0.0,0.0,0.9483870967741935,0.22124423483202899,0.8,0.39999999999999997,0.0,0.0,0.0,0.0,34.820272008834344,4.451298437385576,8.136296750653175,5.336764207128184
Clotho,lowpass,424,2.849056603773585,2.07315479598528,0.9995577830188679,0.005238607206343414,0.9992629716981132,0.006746929534991632,0.0,0.0,0.0,0.0,0.9929245283018868,0.08381771530149462,0.9882075471698113,0.10795087255986612,0.0,0.0,0.0,0.0,35.32613107393373,2.689853985149868,12.683777577683049,10.12045337922415
Clotho,mp3,394,2.8553299492385786,2.0800928614976057,0.9750951776649747,0.14950343086260343,0.398001269035533,0.4821903210445534,0.0,0.0,0.0,0.0,0.9441624365482234,0.2296077741705308,0.32741116751269034,0.46926868092881224,0.0,0.0,0.0,0.0,34.650561095494304,4.093873132496686,13.581734619637583,7.982190795530567
Clotho,phase_shift,146,2.6095890410958904,1.963269874020397,0.9995719178082192,0.00515479219982547,0.9991438356164384,0.007264795697122064,0.0,0.0,0.0,0.0,0.9931506849315068,0.08247667519720751,0.9863013698630136,0.11623673115395303,0.0,0.0,0.0,0.0,35.38600118192908,2.9000929653550362,-26.660256008579307,13.85311240945192
Clotho,polarity,184,3.0217391304347827,2.1818333977243385,1.0,0.0,0.9996603260869565,0.00459502352529507,0.0,0.0,0.0,0.0,1.0,0.0,0.9945652173913043,0.0735203764047211,0.0,0.0,0.0,0.0,34.96439170837402,2.3836200414034456,90.27094107088836,1.1178937509422133
Clotho,quantization,206,2.7718446601941746,2.0718603560792523,0.993628640776699,0.0703314393722461,0.993628640776699,0.0703314393722461,0.0,0.0,0.0,0.0,0.9757281553398058,0.153891917321819,0.9757281553398058,0.153891917321819,0.0,0.0,0.0,0.0,34.791997594740785,4.830371602794922,63.58440856563235,9.558388281529776
Clotho,reverb,288,2.8055555555555554,2.0523623846739865,0.9939236111111112,0.06242158468175971,0.8038194444444444,0.3752972715761056,0.0,0.0,0.0,0.0,0.9722222222222222,0.16433554953054488,0.6180555555555556,0.485863031936439,0.0,0.0,0.0,0.0,35.00173776017295,2.717264387952509,2.796128010157392,1.866880517920593
Clotho,time_jitter,112,2.607142857142857,1.9335253833770234,0.9983258928571429,0.010091038683049733,0.9771205357142857,0.13284414951523946,0.0,0.0,0.0,0.0,0.9732142857142857,0.1614566189287957,0.9017857142857143,0.2976041662946243,0.0,0.0,0.0,0.0,35.30818940911974,2.4510590798538274,38.084061758858816,11.725294157016123
Clotho,time_stretch,174,2.7988505747126435,2.084369540165787,0.9964080459770115,0.019778591807379602,0.6138649425287356,0.4701362884823775,0.0,0.0,0.0,0.0,0.9597701149425287,0.196497942497457,0.45977011494252873,0.4983789284753747,0.0,0.0,0.0,0.0,34.79378871260018,2.7501445881955076,-16.61983120869631,10.955037756777173
Clotho,vorbis,420,2.795238095238095,2.035629349383763,0.9964285714285714,0.020373322726339082,0.7636904761904761,0.4143744346025153,0.0,0.0,0.0,0.0,0.9619047619047619,0.19142620230706459,0.6714285714285714,0.46969377779353133,0.0,0.0,0.0,0.0,34.610458764575775,2.7683271452313787,16.55262763954344,5.353814543953014
DAPS,aac,410,4.5,2.8722813232690143,0.9998475609756098,0.003082888478072665,1.0,0.0,0.0,0.0,0.0,0.0,0.9975609756097561,0.04932621564916263,1.0,0.0,0.0,0.0,0.0,0.0,37.42363801351408,1.3147967197440027,-29.821230161480788,10.655089786083447
DAPS,background_noise,310,4.5,2.8722813232690143,1.0,0.0,1.0,0.0,0.0,0.0,0.0,0.0,1.0,0.0,1.0,0.0,0.0,0.0,0.0,0.0,37.378395658923736,1.4206960223854583,27.771252822875976,4.679936233358023
DAPS,dac,690,4.5,2.8722813232690143,1.0,0.0,0.0,0.0,0.0,0.0,0.0,0.0,1.0,0.0,0.0,0.0,0.0,0.0,0.0,0.0,37.39691613238791,1.3530576097044469,4.71430433527229,2.622284214828119
DAPS,dynamic_range_compression,360,4.5,2.8722813232690143,1.0,0.0,1.0,0.0,0.0,0.0,0.0,0.0,1.0,0.0,1.0,0.0,0.0,0.0,0.0,0.0,37.71934337615967,1.2669498367349492,10.335944990317026,2.6519280105655234
DAPS,dynamic_range_expansion,390,4.5,2.8722813232690143,1.0,0.0,1.0,0.0,0.0,0.0,0.0,0.0,1.0,0.0,1.0,0.0,0.0,0.0,0.0,0.0,37.71320233467298,1.4066719660882983,4.861987904545206,3.1476366094193837
DAPS,encodec,590,4.5,2.8722813232690143,1.0,0.0,0.0,0.0,0.0,0.0,0.0,0.0,1.0,0.0,0.0,0.0,0.0,0.0,0.0,0.0,37.52315871028577,1.3426809455327002,11.437080564741361,2.1801344399730413
DAPS,eq,480,4.5,2.8722813232690143,0.9979166666666667,0.04559597630883185,0.9979166666666667,0.04559597630883185,0.0,0.0,0.0,0.0,0.9979166666666667,0.04559597630883185,0.9979166666666667,0.04559597630883185,0.0,0.0,0.0,0.0,37.60769134362538,2.7551451965432463,2.107488099320714,3.4140439977777355
DAPS,gain,150,4.5,2.8722813232690143,1.0,0.0,0.9995833333333334,0.005086064839889042,0.0,0.0,0.0,0.0,1.0,0.0,0.9933333333333333,0.08137703743822468,0.0,0.0,0.0,0.0,37.66154136657715,1.2855705031950104,90.39454818725586,9.817203653939053
DAPS,gaussian_noise,330,4.5,2.8722813232690143,1.0,0.0,0.7488636363636364,0.41571706529159425,0.0,0.0,0.0,0.0,1.0,0.0,0.6,0.48989794855663565,0.0,0.0,0.0,0.0,37.29394341671106,1.3234163270815689,29.217936567826705,5.342657121874544
DAPS,highpass,350,4.5,2.8722813232690143,1.0,0.0,1.0,0.0,0.0,0.0,0.0,0.0,1.0,0.0,1.0,0.0,0.0,0.0,0.0,0.0,37.45868109566825,1.3584973560503562,-11.976913056448103,8.23046932844067
DAPS,limiter,400,4.5,2.8722813232690143,1.0,0.0,1.0,0.0,0.0,0.0,0.0,0.0,1.0,0.0,1.0,0.0,0.0,0.0,0.0,0.0,37.6468595790863,1.3122687306879282,7.065353058651089,2.5667566491557148
DAPS,lowpass,500,4.5,2.8722813232690143,1.0,0.0,1.0,0.0,0.0,0.0,0.0,0.0,1.0,0.0,1.0,0.0,0.0,0.0,0.0,0.0,37.399074195861814,1.4136002381738881,15.902400271415711,3.6890183245459944
DAPS,mp3,340,4.5,2.8722813232690143,1.0,0.0,0.8615808823529412,0.32948904974099136,0.0,0.0,0.0,0.0,1.0,0.0,0.7352941176470589,0.44117647058823534,0.0,0.0,0.0,0.0,37.407156248653635,1.4394075716068424,19.159132873310764,2.9154240428394558
DAPS,phase_shift,220,4.5,2.8722813232690143,1.0,0.0,1.0,0.0,0.0,0.0,0.0,0.0,1.0,0.0,1.0,0.0,0.0,0.0,0.0,0.0,37.49311759255149,1.3530769245079146,-19.224863230233844,13.117962949473956
DAPS,polarity,170,4.5,2.8722813232690143,1.0,0.0,1.0,0.0,0.0,0.0,0.0,0.0,1.0,0.0,1.0,0.0,0.0,0.0,0.0,0.0,37.31012490216423,1.232102015766957,90.57821520637063,4.989423720630673e-06
DAPS,quantization,220,4.5,2.8722813232690143,1.0,0.0,1.0,0.0,0.0,0.0,0.0,0.0,1.0,0.0,1.0,0.0,0.0,0.0,0.0,0.0,37.688518922979185,1.4073744352033635,58.92256469726563,6.754800721827198
DAPS,reverb,440,4.5,2.8722813232690143,0.9977272727272727,0.047618924635811286,0.9664772727272727,0.14997094243345996,0.0,0.0,0.0,0.0,0.9977272727272727,0.047618924635811286,0.8318181818181818,0.37402766503946744,0.0,0.0,0.0,0.0,37.76618127822876,2.821959318820432,3.7350977086716077,2.4075180634852287
DAPS,time_jitter,170,4.5,2.8722813232690143,1.0,0.0,1.0,0.0,0.0,0.0,0.0,0.0,1.0,0.0,1.0,0.0,0.0,0.0,0.0,0.0,37.48055790171904,1.3881055995651166,32.88407028422636,7.598158956977224
DAPS,time_stretch,240,4.5,2.8722813232690143,1.0,0.0,0.98359375,0.071085164316737,0.0,0.0,0.0,0.0,1.0,0.0,0.8375,0.36890886408434265,0.0,0.0,0.0,0.0,37.602488390604655,1.4405324731602467,-17.535963740820687,8.786784423885992
DAPS,vorbis,440,4.5,2.8722813232690143,1.0,0.0,0.9975852272727272,0.04770507296202346,0.0,0.0,0.0,0.0,1.0,0.0,0.9954545454545455,0.06726658448613065,0.0,0.0,0.0,0.0,37.59971407110041,1.3482698711636922,21.606551768563012,2.445368363409492
Freischuetz,aac,50,4.5,2.8722813232690143,1.0,0.0,1.0,0.0,0.0,0.0,0.0,0.0,1.0,0.0,1.0,0.0,0.0,0.0,0.0,0.0,37.64004890441895,1.6458421251350748,-24.217583417892456,10.42946013815287
Freischuetz,background_noise,80,4.5,2.8722813232690143,1.0,0.0,0.99921875,0.006943901888527803,0.0,0.0,0.0,0.0,1.0,0.0,0.9875,0.11110243021644485,0.0,0.0,0.0,0.0,37.518474912643434,1.457967529846208,28.40852110385895,4.629252332873813
Freischuetz,dac,80,4.5,2.8722813232690143,1.0,0.0,0.0,0.0,0.0,0.0,0.0,0.0,1.0,0.0,0.0,0.0,0.0,0.0,0.0,0.0,37.45950870513916,1.1070411737319792,6.101426988840103,2.823356098542502
Freischuetz,dynamic_range_compression,10,4.5,2.8722813232690143,1.0,0.0,1.0,0.0,0.0,0.0,0.0,0.0,1.0,0.0,1.0,0.0,0.0,0.0,0.0,0.0,36.808724594116214,0.7248404190915252,10.144339895248413,1.566859441386089
Freischuetz,dynamic_range_expansion,40,4.5,2.8722813232690143,1.0,0.0,1.0,0.0,0.0,0.0,0.0,0.0,1.0,0.0,1.0,0.0,0.0,0.0,0.0,0.0,37.07782735824585,0.8118094580334417,5.545351466536522,2.6804255082655457
Freischuetz,encodec,80,4.5,2.8722813232690143,1.0,0.0,0.0,0.0,0.0,0.0,0.0,0.0,1.0,0.0,0.0,0.0,0.0,0.0,0.0,0.0,37.38240990638733,1.2089437047174967,11.865422618389129,2.1911464001962795
Freischuetz,eq,60,4.5,2.8722813232690143,1.0,0.0,1.0,0.0,0.0,0.0,0.0,0.0,1.0,0.0,1.0,0.0,0.0,0.0,0.0,0.0,37.13005765279134,1.2633856067130322,1.2089567850033442,5.216419591783034
Freischuetz,gain,20,4.5,2.8722813232690143,1.0,0.0,0.990625,0.04086467759569382,0.0,0.0,0.0,0.0,1.0,0.0,0.95,0.21794494717703372,0.0,0.0,0.0,0.0,37.52275085449219,1.248793122258965,100.35729598999023,3.1074067654475908
Freischuetz,gaussian_noise,60,4.5,2.8722813232690143,1.0,0.0,0.6635416666666667,0.4545905418768509,0.0,0.0,0.0,0.0,1.0,0.0,0.5166666666666667,0.4997221450188316,0.0,0.0,0.0,0.0,36.980043983459474,1.23951276622698,28.45961596171061,7.416043141303685
Freischuetz,highpass,50,4.5,2.8722813232690143,1.0,0.0,1.0,0.0,0.0,0.0,0.0,0.0,1.0,0.0,1.0,0.0,0.0,0.0,0.0,0.0,37.21255554199219,0.9233740152287915,-11.214279191493988,7.113982439994104
Freischuetz,limiter,60,4.5,2.8722813232690143,1.0,0.0,0.9979166666666667,0.011219093348196882,0.0,0.0,0.0,0.0,1.0,0.0,0.9666666666666667,0.1795054935711501,0.0,0.0,0.0,0.0,37.2286184946696,1.2259002549514504,7.852954735358556,2.993753262360144
Freischuetz,mp3,30,4.5,2.8722813232690143,1.0,0.0,0.49166666666666664,0.49231948186337515,0.0,0.0,0.0,0.0,1.0,0.0,0.4,0.48989794855663565,0.0,0.0,0.0,0.0,37.461066563924156,1.9876788757947175,19.457819747924805,3.141993953552052
Freischuetz,quantization,10,4.5,2.8722813232690143,1.0,0.0,1.0,0.0,0.0,0.0,0.0,0.0,1.0,0.0,1.0,0.0,0.0,0.0,0.0,0.0,37.342885971069336,0.8624202274155749,63.58559989929199,0.01542231447820547
Freischuetz,reverb,30,4.5,2.8722813232690143,1.0,0.0,0.9979166666666667,0.011219093348196882,0.0,0.0,0.0,0.0,1.0,0.0,0.9666666666666667,0.17950549357115012,0.0,0.0,0.0,0.0,37.140298461914064,1.2563862350831514,4.043214744329452,2.235447253127296
Freischuetz,time_jitter,20,4.5,2.8722813232690143,1.0,0.0,0.94375,0.21731673313392139,0.0,0.0,0.0,0.0,1.0,0.0,0.85,0.3570714214271425,0.0,0.0,0.0,0.0,37.782254981994626,0.7104992872289971,36.42250261306763,8.952774288235064
Freischuetz,time_stretch,10,4.5,2.8722813232690143,1.0,0.0,0.975,0.041457809879442496,0.0,0.0,0.0,0.0,1.0,0.0,0.7,0.45825756949558394,0.0,0.0,0.0,0.0,37.761406326293944,1.1516150257380608,-16.4457058429718,7.134215878248115
Freischuetz,vorbis,40,4.5,2.8722813232690143,1.0,0.0,0.9609375,0.15730115175595505,0.0,0.0,0.0,0.0,1.0,0.0,0.8,0.4,0.0,0.0,0.0,0.0,37.51690807342529,1.036926126314337,23.906660175323488,1.558023961390979
GuitarSet,aac,16,3.75,2.680951323690902,1.0,0.0,1.0,0.0,0.0,0.0,0.0,0.0,1.0,0.0,1.0,0.0,0.0,0.0,0.0,0.0,36.139673471450806,1.6541722311193576,-19.778672955930233,12.444327787352742
GuitarSet,background_noise,32,3.625,2.496873044429772,1.0,0.0,0.998046875,0.010874539771152386,0.0,0.0,0.0,0.0,1.0,0.0,0.96875,0.17399263633843817,0.0,0.0,0.0,0.0,37.88114392757416,1.0119128227115288,28.718734860420227,2.189673307031033
GuitarSet,dac,44,4.045454545454546,2.7382355421507336,1.0,0.0,0.0,0.0,0.0,0.0,0.0,0.0,1.0,0.0,0.0,0.0,0.0,0.0,0.0,0.0,38.04460490833629,1.3526390401939985,6.855738817290827,2.988604957819146
GuitarSet,dynamic_range_compression,56,4.285714285714286,2.8392295591931127,1.0,0.0,1.0,0.0,0.0,0.0,0.0,0.0,1.0,0.0,1.0,0.0,0.0,0.0,0.0,0.0,37.57973303113665,0.9745320992004212,9.745119682380132,2.7983886591858917
GuitarSet,dynamic_range_expansion,42,4.023809523809524,2.798707994755669,1.0,0.0,0.9985119047619048,0.009528458686656024,0.0,0.0,0.0,0.0,1.0,0.0,0.9761904761904762,0.15245533898649638,0.0,0.0,0.0,0.0,38.04580870128813,1.1603049753310506,4.228772995727403,3.229214361274301
GuitarSet,encodec,52,3.9615384615384617,2.681572002085132,1.0,0.0,0.0,0.0,0.0,0.0,0.0,0.0,1.0,0.0,0.0,0.0,0.0,0.0,0.0,0.0,37.277050311748795,1.765121613054658,9.635213732719421,3.322098374404841
GuitarSet,eq,56,3.2857142857142856,2.4619554199448697,1.0,0.0,1.0,0.0,0.0,0.0,0.0,0.0,1.0,0.0,1.0,0.0,0.0,0.0,0.0,0.0,37.970081193106516,1.0194951316461673,2.32956214116088,2.6672128179073726
GuitarSet,gain,30,3.7,2.758622844826744,1.0,0.0,1.0,0.0,0.0,0.0,0.0,0.0,1.0,0.0,1.0,0.0,0.0,0.0,0.0,0.0,38.08757069905599,1.277420599564585,95.07255020141602,8.610988613499611
GuitarSet,gaussian_noise,44,4.045454545454546,2.738235542150733,1.0,0.0,0.46732954545454547,0.49022559675926264,0.0,0.0,0.0,0.0,1.0,0.0,0.38636363636363635,0.48691557467337615,0.0,0.0,0.0,0.0,37.685719056562945,1.1106799888845937,29.24910341609608,2.1843184333585843
GuitarSet,highpass,24,3.6666666666666665,2.560381915956203,1.0,0.0,1.0,0.0,0.0,0.0,0.0,0.0,1.0,0.0,1.0,0.0,0.0,0.0,0.0,0.0,37.868412017822266,1.1105681471839626,-9.021913945674896,2.434400124850405
GuitarSet,limiter,34,3.7941176470588234,2.5179287912734694,1.0,0.0,1.0,0.0,0.0,0.0,0.0,0.0,1.0,0.0,1.0,0.0,0.0,0.0,0.0,0.0,38.125721650965076,1.0329034139649085,7.432395163704367,1.6337274492086045
GuitarSet,lowpass,40,3.7,2.6095976701399777,1.0,0.0,0.9984375,0.009757809372497497,0.0,0.0,0.0,0.0,1.0,0.0,0.975,0.15612494995995996,0.0,0.0,0.0,0.0,38.109027767181395,1.125432508115349,14.620690941810608,3.4287524046412154
GuitarSet,mp3,74,4.175675675675675,2.737912541335629,1.0,0.0,0.7719594594594594,0.4064036134252662,0.0,0.0,0.0,0.0,1.0,0.0,0.6216216216216216,0.4849826606736854,0.0,0.0,0.0,0.0,38.01414783580883,1.6089959334567323,20.053787038132953,4.195300870915589
GuitarSet,phase_shift,42,3.8333333333333335,2.6178568721713193,1.0,0.0,1.0,0.0,0.0,0.0,0.0,0.0,1.0,0.0,1.0,0.0,0.0,0.0,0.0,0.0,37.56834702264695,0.967536395355066,-12.540711141767956,6.060851547694734
GuitarSet,polarity,26,4.038461538461538,2.7801600566924924,1.0,0.0,1.0,0.0,0.0,0.0,0.0,0.0,1.0,0.0,1.0,0.0,0.0,0.0,0.0,0.0,37.78093514075646,0.9881496142306206,90.57819307767429,3.3250580947400566e-05
GuitarSet,quantization,36,4.055555555555555,2.6764865489879788,1.0,0.0,1.0,0.0,0.0,0.0,0.0,0.0,1.0,0.0,1.0,0.0,0.0,0.0,0.0,0.0,37.93775357140435,0.9480404675565325,58.90035809410943,5.134100123196866
GuitarSet,reverb,46,3.4565217391304346,2.40205095101385,1.0,0.0,0.9375,0.2052305172662957,0.0,0.0,0.0,0.0,1.0,0.0,0.7608695652173914,0.42655254065975184,0.0,0.0,0.0,0.0,38.05681585228962,1.5972533078836932,2.5148398364367694,2.0514753498041354
GuitarSet,time_jitter,28,4.214285714285714,2.7562544830821056,1.0,0.0,0.8459821428571429,0.3465720776956293,0.0,0.0,0.0,0.0,1.0,0.0,0.7142857142857143,0.45175395145262565,0.0,0.0,0.0,0.0,37.558955328805105,0.8727723687186081,28.823133059910365,7.383144891824765
GuitarSet,time_stretch,10,4.5,2.8722813232690143,1.0,0.0,0.9625,0.0637377439199098,0.0,0.0,0.0,0.0,1.0,0.0,0.7,0.45825756949558394,0.0,0.0,0.0,0.0,37.34673919677734,0.6385843182856915,-12.858608198165893,7.337060538470825
GuitarSet,vorbis,22,3.227272727272727,2.1936233658206645,1.0,0.0,0.9488636363636364,0.2078334222519532,0.0,0.0,0.0,0.0,1.0,0.0,0.8636363636363636,0.3431742925123068,0.0,0.0,0.0,0.0,37.79203016107733,1.3229366197819858,25.289232514121316,2.0911957350866186
MAESTRO,aac,30,4.5,2.8722813232690143,1.0,0.0,1.0,0.0,0.0,0.0,0.0,0.0,1.0,0.0,1.0,0.0,0.0,0.0,0.0,0.0,38.0115613301595,1.0557101002069043,-22.439596875508627,9.651296835124182
MAESTRO,dac,40,4.5,2.8722813232690143,1.0,0.0,0.0,0.0,0.0,0.0,0.0,0.0,1.0,0.0,0.0,0.0,0.0,0.0,0.0,0.0,38.14450902938843,1.091855103559169,6.4571243047714235,1.482951691042695
MAESTRO,dynamic_range_compression,40,4.5,2.8722813232690143,1.0,0.0,1.0,0.0,0.0,0.0,0.0,0.0,1.0,0.0,1.0,0.0,0.0,0.0,0.0,0.0,37.91889925003052,0.7090595045815637,9.819004011154174,2.1879105122690623
MAESTRO,dynamic_range_expansion,20,4.5,2.8722813232690143,1.0,0.0,0.95,0.21794494717703372,0.0,0.0,0.0,0.0,1.0,0.0,0.95,0.21794494717703372,0.0,0.0,0.0,0.0,38.3934741973877,1.2124937892124525,5.872500848770142,1.6128838395042056
MAESTRO,encodec,20,4.5,2.8722813232690143,1.0,0.0,0.0,0.0,0.0,0.0,0.0,0.0,1.0,0.0,0.0,0.0,0.0,0.0,0.0,0.0,37.60864391326904,0.8014478959863927,12.670897626876831,1.9568360338340396
MAESTRO,eq,40,4.5,2.8722813232690143,1.0,0.0,1.0,0.0,0.0,0.0,0.0,0.0,1.0,0.0,1.0,0.0,0.0,0.0,0.0,0.0,38.058819484710696,0.8927404028962886,3.421834421157837,4.692369506966954
MAESTRO,gain,20,4.5,2.8722813232690143,1.0,0.0,1.0,0.0,0.0,0.0,0.0,0.0,1.0,0.0,1.0,0.0,0.0,0.0,0.0,0.0,38.42803840637207,1.2069499255059857,98.71681060791016,2.1925575332599685
MAESTRO,gaussian_noise,20,4.5,2.8722813232690143,1.0,0.0,0.39375,0.4825469536739404,0.0,0.0,0.0,0.0,1.0,0.0,0.3,0.45825756949558394,0.0,0.0,0.0,0.0,37.7521692276001,0.8289448597341732,31.839724159240724,1.3638309023735575
MAESTRO,limiter,20,4.5,2.8722813232690143,1.0,0.0,0.996875,0.013621559198564604,0.0,0.0,0.0,0.0,1.0,0.0,0.95,0.21794494717703372,0.0,0.0,0.0,0.0,37.44459686279297,1.1255079149925118,10.253007650375366,1.1410335617636382
MAESTRO,lowpass,40,4.5,2.8722813232690143,1.0,0.0,1.0,0.0,0.0,0.0,0.0,0.0,1.0,0.0,1.0,0.0,0.0,0.0,0.0,0.0,38.23630352020264,1.96168938131077,16.362116408348083,3.8320820834946643
MAESTRO,mp3,40,4.5,2.8722813232690143,1.0,0.0,0.85625,0.3260200338936244,0.0,0.0,0.0,0.0,1.0,0.0,0.675,0.4683748498798798,0.0,0.0,0.0,0.0,38.728910732269284,1.5775251335406506,23.690370655059816,2.350075455376596
MAESTRO,polarity,10,4.5,2.8722813232690143,1.0,0.0,1.0,0.0,0.0,0.0,0.0,0.0,1.0,0.0,1.0,0.0,0.0,0.0,0.0,0.0,38.345360946655276,1.0066343084719866,90.57821731567383,2.288818359375e-06
MAESTRO,reverb,20,4.5,2.8722813232690143,1.0,0.0,0.971875,0.031093357409581877,0.0,0.0,0.0,0.0,1.0,0.0,0.55,0.4974937185533099,0.0,0.0,0.0,0.0,38.17557506561279,0.9884872011314041,2.4924324437975884,1.2178509810230935
MAESTRO,time_stretch,20,4.5,2.8722813232690143,1.0,0.0,0.990625,0.022316963839196406,0.0,0.0,0.0,0.0,1.0,0.0,0.85,0.3570714214271425,0.0,0.0,0.0,0.0,38.350155448913576,0.9214318471525936,-9.71463338136673,4.058084589725371
MAESTRO,vorbis,20,4.5,2.8722813232690143,1.0,0.0,0.93125,0.2164161211647598,0.0,0.0,0.0,0.0,1.0,0.0,0.7,0.45825756949558394,0.0,0.0,0.0,0.0,37.210045623779294,1.2587287494395802,22.723422241210937,1.5388540994622686
PCD,aac,8,1.5,1.118033988749895,1.0,0.0,1.0,0.0,0.0,0.0,0.0,0.0,1.0,0.0,1.0,0.0,0.0,0.0,0.0,0.0,37.8495831489563,0.5823516244219762,-17.85436886548996,13.26649894271644
PCD,background_noise,6,1.1666666666666667,1.0671873729054748,1.0,0.0,0.8333333333333334,0.372677996249965,0.0,0.0,0.0,0.0,1.0,0.0,0.8333333333333334,0.372677996249965,0.0,0.0,0.0,0.0,37.63944053649902,0.6765497853343597,31.321999549865723,4.816206167580596
PCD,dac,16,1.25,1.0897247358851685,1.0,0.0,0.0,0.0,0.0,0.0,0.0,0.0,1.0,0.0,0.0,0.0,0.0,0.0,0.0,0.0,38.13007426261902,1.1076708105675654,6.828979641199112,1.5578843182970732
PCD,dynamic_range_compression,6,0.5,0.5,1.0,0.0,1.0,0.0,0.0,0.0,0.0,0.0,1.0,0.0,1.0,0.0,0.0,0.0,0.0,0.0,37.75770632425944,0.975869685001401,10.938981612523397,1.8901885859476872
PCD,dynamic_range_expansion,6,1.1666666666666667,1.0671873729054748,1.0,0.0,0.9895833333333334,0.023292374765622806,0.0,0.0,0.0,0.0,1.0,0.0,0.8333333333333334,0.372677996249965,0.0,0.0,0.0,0.0,37.95470682779948,1.5905324295741925,4.249097386995952,1.8277352122471666
PCD,encodec,4,0.5,0.5,1.0,0.0,0.0,0.0,0.0,0.0,0.0,0.0,1.0,0.0,0.0,0.0,0.0,0.0,0.0,0.0,38.3992862701416,0.9789265675231082,12.984873056411743,0.7371023447581784
PCD,eq,14,1.3571428571428572,1.1088696211614302,1.0,0.0,1.0,0.0,0.0,0.0,0.0,0.0,1.0,0.0,1.0,0.0,0.0,0.0,0.0,0.0,39.11970056806292,1.3104266717271504,0.8209999544279916,2.5301058455002794
PCD,gaussian_noise,2,0.5,0.5,1.0,0.0,0.96875,0.03125,0.0,0.0,0.0,0.0,1.0,0.0,0.5,0.5,0.0,0.0,0.0,0.0,37.68520545959473,0.12034797668456676,35.588815689086914,0.0007495880126953125
PCD,highpass,10,1.3,1.1,1.0,0.0,1.0,0.0,0.0,0.0,0.0,0.0,1.0,0.0,1.0,0.0,0.0,0.0,0.0,0.0,37.29229469299317,0.8416308603285478,-17.56698637008667,8.00885746460183
PCD,limiter,8,1.5,1.118033988749895,1.0,0.0,1.0,0.0,0.0,0.0,0.0,0.0,1.0,0.0,1.0,0.0,0.0,0.0,0.0,0.0,38.671329975128174,1.0737430430226644,7.0877063274383545,1.3488556952199109
PCD,lowpass,2,0.5,0.5,1.0,0.0,1.0,0.0,0.0,0.0,0.0,0.0,1.0,0.0,1.0,0.0,0.0,0.0,0.0,0.0,38.27012062072754,0.9887256622314418,12.314409255981445,0.7404937744140616
PCD,mp3,10,1.3,1.1,1.0,0.0,0.85,0.29341736485763753,0.0,0.0,0.0,0.0,1.0,0.0,0.6,0.48989794855663565,0.0,0.0,0.0,0.0,38.342857360839844,0.3141320100344176,21.32005367279053,1.0368682575551738
PCD,phase_shift,10,1.3,1.1,1.0,0.0,1.0,0.0,0.0,0.0,0.0,0.0,1.0,0.0,1.0,0.0,0.0,0.0,0.0,0.0,37.74997444152832,1.2864470482741832,-19.82148723602295,9.354155411337347
PCD,quantization,4,1.5,1.118033988749895,1.0,0.0,1.0,0.0,0.0,0.0,0.0,0.0,1.0,0.0,1.0,0.0,0.0,0.0,0.0,0.0,37.793033599853516,0.805711198799691,69.56811332702637,0.01731736213509758
PCD,reverb,8,1.5,1.118033988749895,1.0,0.0,0.9921875,0.020669932117692115,0.0,0.0,0.0,0.0,1.0,0.0,0.875,0.33071891388307384,0.0,0.0,0.0,0.0,37.74745035171509,1.029878094039356,1.9449182581156492,2.8830540846037938
PCD,time_stretch,6,1.1666666666666667,1.0671873729054748,1.0,0.0,0.9895833333333334,0.023292374765622806,0.0,0.0,0.0,0.0,1.0,0.0,0.8333333333333334,0.372677996249965,0.0,0.0,0.0,0.0,38.0429573059082,0.9941489515720124,-10.302528381347656,2.4786685784570324
PCD,vorbis,8,1.5,1.118033988749895,1.0,0.0,0.859375,0.32738010687120256,0.0,0.0,0.0,0.0,1.0,0.0,0.75,0.4330127018922193,0.0,0.0,0.0,0.0,38.37223720550537,0.8156822070074686,24.906022548675537,1.8304669555248534
jaCappella,aac,60,4.5,2.8722813232690143,1.0,0.0,1.0,0.0,0.0,0.0,0.0,0.0,1.0,0.0,1.0,0.0,0.0,0.0,0.0,0.0,37.43656533559163,1.177053439783135,-29.745866775512695,11.678108448910425
jaCappella,dac,60,4.5,2.8722813232690143,1.0,0.0,0.0,0.0,0.0,0.0,0.0,0.0,1.0,0.0,0.0,0.0,0.0,0.0,0.0,0.0,37.67618675231934,0.9711943464372667,3.785517690819688,2.7680528749021964
jaCappella,dynamic_range_compression,30,4.5,2.8722813232690143,1.0,0.0,1.0,0.0,0.0,0.0,0.0,0.0,1.0,0.0,1.0,0.0,0.0,0.0,0.0,0.0,37.33996734619141,1.0332684937326757,13.688426113128662,2.497032202075925
jaCappella,dynamic_range_expansion,40,4.5,2.8722813232690143,0.975,0.15612494995995996,0.975,0.15612494995995996,0.0,0.0,0.0,0.0,0.975,0.15612494995995996,0.975,0.15612494995995996,0.0,0.0,0.0,0.0,38.68324346542359,8.3846374160033,7.898107446730137,2.180899447482606
jaCappella,encodec,60,4.5,2.8722813232690143,0.9833333333333333,0.12801909579781015,0.0,0.0,0.0,0.0,0.0,0.0,0.9833333333333333,0.12801909579781015,0.0,0.0,0.0,0.0,0.0,0.0,38.25546194712321,6.865201103233091,9.795213635762533,2.5763929391956353
jaCappella,eq,30,4.5,2.8722813232690143,1.0,0.0,1.0,0.0,0.0,0.0,0.0,0.0,1.0,0.0,1.0,0.0,0.0,0.0,0.0,0.0,36.66349398295085,0.7475084643958783,2.4531092387934526,2.247066415714273
jaCappella,gaussian_noise,20,4.5,2.8722813232690143,1.0,0.0,0.48125,0.4825469536739404,0.0,0.0,0.0,0.0,1.0,0.0,0.3,0.45825756949558394,0.0,0.0,0.0,0.0,37.606251335144044,1.2419021162201231,22.604027652740477,2.4545633993109313
jaCappella,highpass,20,4.5,2.8722813232690143,1.0,0.0,1.0,0.0,0.0,0.0,0.0,0.0,1.0,0.0,1.0,0.0,0.0,0.0,0.0,0.0,37.306102180480956,0.8841679843080117,-6.7838018327951435,4.794778891739635
jaCappella,limiter,20,4.5,2.8722813232690143,1.0,0.0,1.0,0.0,0.0,0.0,0.0,0.0,1.0,0.0,1.0,0.0,0.0,0.0,0.0,0.0,37.68478832244873,0.9331764281631071,11.15638279914856,1.305484613672328
jaCappella,lowpass,60,4.5,2.8722813232690143,1.0,0.0,1.0,0.0,0.0,0.0,0.0,0.0,1.0,0.0,1.0,0.0,0.0,0.0,0.0,0.0,37.428622309366865,1.0961988429094276,12.801587867736817,2.27554669997514
jaCappella,mp3,10,4.5,2.8722813232690143,1.0,0.0,0.3875,0.47500000000000003,0.0,0.0,0.0,0.0,1.0,0.0,0.2,0.4000000000000001,0.0,0.0,0.0,0.0,37.85790367126465,1.1598203892589753,21.11061191558838,1.3215012579169958
jaCappella,phase_shift,30,4.5,2.8722813232690143,1.0,0.0,1.0,0.0,0.0,0.0,0.0,0.0,1.0,0.0,1.0,0.0,0.0,0.0,0.0,0.0,37.742008717854816,1.041383761809574,-26.337134710947673,11.69899391071987
jaCappella,polarity,20,4.5,2.8722813232690143,1.0,0.0,1.0,0.0,0.0,0.0,0.0,0.0,1.0,0.0,1.0,0.0,0.0,0.0,0.0,0.0,37.59892330169678,0.7194463897660349,90.57819976806641,2.582750073188124e-05
jaCappella,quantization,20,4.5,2.8722813232690143,1.0,0.0,1.0,0.0,0.0,0.0,0.0,0.0,1.0,0.0,1.0,0.0,0.0,0.0,0.0,0.0,37.102644729614255,0.851298202278013,54.55855751037598,3.018458237134966
jaCappella,reverb,10,4.5,2.8722813232690143,1.0,0.0,1.0,0.0,0.0,0.0,0.0,0.0,1.0,0.0,1.0,0.0,0.0,0.0,0.0,0.0,37.34569969177246,0.6789763408530859,3.4616374254226683,0.885859985299922
jaCappella,vorbis,10,4.5,2.8722813232690143,0.9,0.30000000000000004,0.9,0.30000000000000004,0.0,0.0,0.0,0.0,0.9,0.30000000000000004,0.9,0.30000000000000004,0.0,0.0,0.0,0.0,43.176567459106444,15.822955275746752,24.30314197540283,3.0607319110065725
