attack_type,chunk_index,n,chunk_index_mean,chunk_index_std,bitwise/clean_mean,bitwise/clean_std,bitwise/distorted_mean,bitwise/distorted_std,bitwise/no_watermark_clean_mean,bitwise/no_watermark_clean_std,bitwise/no_watermark_distorted_mean,bitwise/no_watermark_distorted_std,hard/clean_mean,hard/clean_std,hard/distorted_mean,hard/distorted_std,hard/no_watermark_clean_mean,hard/no_watermark_clean_std,hard/no_watermark_distorted_mean,hard/no_watermark_distorted_std,sisnr_wm_mean,sisnr_wm_std,sisnr_attack_mean,sisnr_attack_std
aac,0,112,0.0,0.0,0.9994419642857143,0.005879271067440144,0.7321428571428571,0.08696767740525962,0.515625,0.11158481919598204,0.5066964285714286,0.12313257513214554,0.9910714285714286,0.09406833707904229,0.0,0.0,0.0,0.0,0.0,0.0,23.266268278871262,4.797529366047826,-28.890354688678467,12.788321411319846
aac,1,112,1.0,0.0,0.9966517857142857,0.016364819529704446,0.7170758928571429,0.09809848845269128,0.49720982142857145,0.12370658759441158,0.4966517857142857,0.12098440792555434,0.9553571428571429,0.20651845546822103,0.0,0.0,0.0,0.0,0.0,0.0,23.716876447200775,5.266855898575996,-30.175824937543698,13.98805741538599
aac,2,112,2.0,0.0,0.9977678571428571,0.014292688029984037,0.7338169642857143,0.10151803137549441,0.5022321428571429,0.12691847299847767,0.5011160714285714,0.1169214667397152,0.9732142857142857,0.16145661892879573,0.0,0.0,0.0,0.0,0.0,0.0,23.37854744706835,5.239346326090911,-29.966764294675418,13.301788748711722
aac,3,112,3.0,0.0,0.9966517857142857,0.018372854501288314,0.71484375,0.1032335906895221,0.5128348214285714,0.12447949466092614,0.4921875,0.10568554108178659,0.9642857142857143,0.1855768722395226,0.0,0.0,0.0,0.0,0.0,0.0,23.384895290647233,5.044396462870499,-28.790906780532428,11.990249744942293
aac,4,101,4.0,0.0,0.995049504950495,0.020966676170912645,0.7326732673267327,0.0906004840009465,0.48948019801980197,0.12686398190546946,0.5,0.14451609249526162,0.9405940594059405,0.2363828987388777,0.0,0.0,0.0,0.0,0.0,0.0,23.80344780836955,5.052474951112207,-29.64307770398584,12.733927015951222
aac,5,101,5.0,0.0,0.9987623762376238,0.008707454999672208,0.7326732673267327,0.09477321643107252,0.48948019801980197,0.12807761648900773,0.4863861386138614,0.14441006453344946,0.9801980198019802,0.13931927999475532,0.0,0.0,0.0,0.0,0.0,0.0,23.51535953861652,5.005111660429776,-29.37464137124543,13.209637602487359
aac,6,80,6.0,0.0,0.99765625,0.01187397199497708,0.73203125,0.09742472554971607,0.51328125,0.11166956959457443,0.51796875,0.10373576238905029,0.9625,0.18998355191963331,0.0,0.0,0.0,0.0,0.0,0.0,23.557318353652953,5.021756849777396,-27.96367167234421,10.827658439031074
aac,7,80,7.0,0.0,0.996875,0.013621559198564604,0.73203125,0.09280447671549848,0.4796875,0.11344008261522909,0.48828125,0.11612802320472651,0.95,0.21794494717703372,0.0,0.0,0.0,0.0,0.0,0.0,23.682110178470612,4.359027235587483,-29.25282565355301,12.378791963554303
aac,8,56,8.0,0.0,0.9988839285714286,0.008277007240062124,0.7511160714285714,0.08053520697892168,0.4810267857142857,0.11137811321778657,0.47767857142857145,0.11538257127964362,0.9821428571428571,0.13243211584099399,0.0,0.0,0.0,0.0,0.0,0.0,22.968664033072336,3.3373714251316096,-28.311066014426096,10.62688628563774
aac,9,56,9.0,0.0,0.9988839285714286,0.008277007240062124,0.7366071428571429,0.09647403029006389,0.5055803571428571,0.11709179765655611,0.5245535714285714,0.1302890906027901,0.9821428571428571,0.13243211584099399,0.0,0.0,0.0,0.0,0.0,0.0,23.043842451913015,3.402489007950135,-28.903664180210658,9.739181136393452
background_noise,0,103,0.0,0.0,1.0,0.0,0.9975728155339806,0.0120750902561483,0.4981796116504854,0.12268991330599939,0.495752427184466,0.11562611057008312,1.0,0.0,0.9611650485436893,0.1932014440983728,0.0,0.0,0.0,0.0,23.613823075896327,4.634057990169043,27.60444011503053,4.395436319317495
background_noise,1,103,1.0,0.0,0.9969660194174758,0.016008381017321507,0.995752427184466,0.017980015036443024,0.5078883495145631,0.13170131940937077,0.5145631067961165,0.12042724669146773,0.9611650485436893,0.1932014440983728,0.941747572815534,0.23422015692844303,0.0,0.0,0.0,0.0,23.347378758550846,4.895816111952159,27.610223047941634,4.391315987147959
background_noise,2,101,2.0,0.0,0.9975247524752475,0.012189180447767456,0.9962871287128713,0.017193618798824018,0.5222772277227723,0.11110387778849669,0.5136138613861386,0.12142281256758292,0.9603960396039604,0.1950268871642793,0.9504950495049505,0.2169198247545213,0.0,0.0,0.0,0.0,23.258821430772837,4.850965736107514,27.597067880158377,4.406824148217082
background_noise,3,101,3.0,0.0,0.9956683168316832,0.015873459577203788,0.9931930693069307,0.021364698640633745,0.5030940594059405,0.11344359423793055,0.5018564356435643,0.12575743460953945,0.9306930693069307,0.2539753532352606,0.900990099009901,0.298675309485116,0.0,0.0,0.0,0.0,23.21268111880463,4.9120903809244485,27.601483581089738,4.4021445295868755
background_noise,4,89,4.0,0.0,0.9985955056179775,0.009263276656090532,0.9985955056179775,0.009263276656090532,0.5,0.1267434593751568,0.49297752808988765,0.11904280955290501,0.9775280898876404,0.1482124264974485,0.9775280898876404,0.1482124264974485,0.0,0.0,0.0,0.0,23.241868094112096,4.577897121749817,27.507087493210697,4.426488476660441
background_noise,5,89,5.0,0.0,0.9985955056179775,0.009263276656090532,0.9971910112359551,0.01598287454598461,0.4936797752808989,0.11127017547623128,0.488061797752809,0.11199026392836839,0.9775280898876404,0.1482124264974485,0.9662921348314607,0.18047616184504506,0.0,0.0,0.0,0.0,23.222818888974995,4.926558580740623,27.50401655475745,4.429970734965072
background_noise,6,69,6.0,0.0,0.9972826086956522,0.012745694999520185,0.9963768115942029,0.01807059541961957,0.5090579710144928,0.12421645834356834,0.4990942028985507,0.1256742475136921,0.9565217391304348,0.20393111999232302,0.9565217391304348,0.20393111999232302,0.0,0.0,0.0,0.0,24.105176815088246,4.531642480154101,27.441177810447805,4.4175003787404545
background_noise,7,69,7.0,0.0,1.0,0.0,0.9972826086956522,0.016603535126651595,0.4963768115942029,0.1311373990641584,0.49184782608695654,0.11844834085708353,1.0,0.0,0.9710144927536232,0.1677657522143511,0.0,0.0,0.0,0.0,23.875977405603383,4.603416189426777,27.446512194647305,4.409657512410863
background_noise,8,42,8.0,0.0,0.9940476190476191,0.02286055282103752,0.9910714285714286,0.03219242210235705,0.4895833333333333,0.12493798064614502,0.5074404761904762,0.11827315047627153,0.9285714285714286,0.25753937681885636,0.9047619047619048,0.29354352395090366,0.0,0.0,0.0,0.0,23.88071954817999,3.9789457299073243,27.83819035121373,4.5678264785137195
background_noise,9,42,9.0,0.0,0.9910714285714286,0.029160592175990215,0.9910714285714286,0.034962321799020035,0.5059523809523809,0.11395351023259909,0.5282738095238095,0.11180537950155854,0.9047619047619048,0.2935435239509037,0.9285714285714286,0.25753937681885636,0.0,0.0,0.0,0.0,23.46508421216692,4.076450906413734,27.838414691743395,4.567716707588302
dac,0,172,0.0,0.0,0.9978197674418605,0.020100750997004844,0.5432412790697675,0.13718487646574648,0.5083575581395349,0.10440041321797452,0.5167151162790697,0.12424350249020265,0.9825581395348837,0.13091081685113606,0.0,0.0,0.0,0.0,0.0,0.0,23.330655059149098,5.285743775485125,2.5628380721305,6.882632392732086
dac,1,172,1.0,0.0,0.9967296511627907,0.022619730374252783,0.5337936046511628,0.12231074424094528,0.5098110465116279,0.12175676546341938,0.49963662790697677,0.12707169371832164,0.9709302325581395,0.1680021311255801,0.0,0.0,0.0,0.0,0.0,0.0,23.180897928947626,5.214195641662651,2.476480695895504,6.661889135346814
dac,2,169,2.0,0.0,0.9988905325443787,0.008252926628854068,0.5325443786982249,0.12240062790281968,0.5011094674556213,0.1172669721217529,0.49297337278106507,0.12151806377463224,0.9822485207100592,0.1320468260616651,0.0,0.0,0.0,0.0,0.0,0.0,23.260903482606427,5.376222619974954,2.303831175939571,6.675775717584788
dac,3,169,3.0,0.0,0.9977810650887574,0.011565455452005836,0.5288461538461539,0.11437862743625307,0.4907544378698225,0.11925614020815335,0.4855769230769231,0.12143587442610662,0.9644970414201184,0.18504728723209335,0.0,0.0,0.0,0.0,0.0,0.0,23.1751014495037,5.317726137773834,2.5481911654082627,6.738755871702694
dac,4,146,4.0,0.0,0.9970034246575342,0.013353145514111492,0.533818493150685,0.12243225524246788,0.4935787671232877,0.12494207820157839,0.4897260273972603,0.124362113253939,0.952054794520548,0.21365032822578384,0.0,0.0,0.0,0.0,0.0,0.0,23.228390824304867,5.548595402551925,2.917013489016115,6.510179020644804
dac,5,146,5.0,0.0,0.9931506849315068,0.03517575100029818,0.521404109589041,0.12445049512370746,0.4940068493150685,0.11101781583394144,0.4982876712328767,0.12261099019457698,0.9383561643835616,0.24050753241204706,0.0,0.0,0.0,0.0,0.0,0.0,23.747421140540137,5.573920802565007,3.0981369892594546,6.664170560829625
dac,6,114,6.0,0.0,0.9972587719298246,0.012798922730185035,0.5137061403508771,0.11989543710871182,0.48848684210526316,0.10843211678131541,0.4917763157894737,0.13361567844672076,0.956140350877193,0.2047827636829606,0.0,0.0,0.0,0.0,0.0,0.0,23.046800521382114,4.7960795049761265,3.6131596248923685,4.609907698792563
dac,7,114,7.0,0.0,0.9983552631578947,0.012985437809569093,0.5071271929824561,0.13290744720932532,0.49890350877192985,0.12389380492974304,0.47039473684210525,0.1410259941462238,0.9824561403508771,0.13128622409733126,0.0,0.0,0.0,0.0,0.0,0.0,23.432721096172667,5.0445930954403995,3.958295192847257,4.5089954458518
dac,8,91,8.0,0.0,0.9986263736263736,0.00916323081327358,0.5199175824175825,0.13487094490204582,0.4876373626373626,0.108538215934845,0.4835164835164835,0.13163541163541653,0.978021978021978,0.14661169301237728,0.0,0.0,0.0,0.0,0.0,0.0,23.031734068315107,3.9338701308715716,5.002487410801453,2.5858761729109188
dac,9,91,9.0,0.0,0.9965659340659341,0.016990819885787063,0.5350274725274725,0.1359265590862965,0.4896978021978022,0.11090278584083259,0.4807692307692308,0.11298442243333855,0.9560439560439561,0.2049973418261278,0.0,0.0,0.0,0.0,0.0,0.0,23.232675028371286,4.049064593637041,5.051152057372606,2.90451006906587
dynamic_range_compression,0,113,0.0,0.0,0.9972345132743363,0.015307912060949167,0.9917035398230089,0.03166693630154787,0.49723451327433627,0.12702708704930663,0.49668141592920356,0.1309007436910887,0.9646017699115044,0.18478418599841684,0.911504424778761,0.2840142749713489,0.0,0.0,0.0,0.0,23.517561684667537,4.371917003602415,11.463958658475791,3.331100181822176
dynamic_range_compression,1,113,1.0,0.0,0.9939159292035398,0.031072061737141905,0.9900442477876106,0.044440950058851035,0.4922566371681416,0.12531286712998543,0.4894911504424779,0.12469616138858551,0.9469026548672567,0.22422760104991019,0.911504424778761,0.2840142749713489,0.0,0.0,0.0,0.0,22.90635045650786,4.3541395022477625,12.07224107606221,3.5491258642025567
dynamic_range_compression,2,110,2.0,0.0,0.9971590909090909,0.01550834552722294,0.9892045454545455,0.03356122596732355,0.5056818181818182,0.11934523502832838,0.5068181818181818,0.11928570986716051,0.9636363636363636,0.18719327529067276,0.8818181818181818,0.32282328917390374,0.0,0.0,0.0,0.0,23.081428163701837,4.667276085347775,11.949891207434915,3.726167055050866
dynamic_range_compression,3,110,3.0,0.0,0.9971590909090909,0.013018680951579093,0.9920454545454546,0.03275803478499902,0.48579545454545453,0.11327356859821802,0.49375,0.11946554752502728,0.9545454545454546,0.2082988952252655,0.9181818181818182,0.2740875169396606,0.0,0.0,0.0,0.0,23.334287175265224,4.660944316470138,11.915879881517453,3.63229924782533
dynamic_range_compression,4,98,4.0,0.0,0.9968112244897959,0.016396632821661275,0.9904336734693877,0.03610505064979122,0.5299744897959183,0.1201978040744985,0.5216836734693877,0.13246282473783363,0.9591836734693877,0.19786448397617673,0.9081632653061225,0.28879534077724295,0.0,0.0,0.0,0.0,23.68802243836072,4.884650366580381,11.968467031434482,3.6683433372755774
dynamic_range_compression,5,98,5.0,0.0,0.9980867346938775,0.010766545290901871,0.9929846938775511,0.030777878857177688,0.49107142857142855,0.13658087982837816,0.49489795918367346,0.11422761825121486,0.9693877551020408,0.17226472465442993,0.9285714285714286,0.2575393768188564,0.0,0.0,0.0,0.0,23.506782220334422,4.489400071132897,11.733847401580032,3.6309900082002033
dynamic_range_compression,6,73,6.0,0.0,1.0,0.0,0.9940068493150684,0.0211110068594828,0.523972602739726,0.12738736336576142,0.5222602739726028,0.1153695405538055,1.0,0.0,0.9178082191780822,0.27465668021593725,0.0,0.0,0.0,0.0,23.184872117761063,4.1908476591377415,11.524406727046182,3.5565371011871125
dynamic_range_compression,7,73,7.0,0.0,0.9965753424657534,0.01758787550014909,0.9957191780821918,0.01578689119399467,0.4863013698630137,0.1166961791032661,0.5034246575342466,0.12999045463462153,0.958904109589041,0.19851201022177312,0.9315068493150684,0.25259025910391475,0.0,0.0,0.0,0.0,23.154909787112718,3.7056875169517975,11.638207239647434,3.3479112016875185
dynamic_range_compression,8,50,8.0,0.0,1.0,0.0,0.9975,0.01224744871391589,0.48375,0.11579210897120752,0.47875,0.12784878763601945,1.0,0.0,0.96,0.19595917942265428,0.0,0.0,0.0,0.0,23.529644546508788,3.1917118502909667,10.261219539642333,2.7838851267907994
dynamic_range_compression,9,50,9.0,0.0,0.9975,0.01224744871391589,0.995,0.021065374432940896,0.5,0.13635890143294643,0.5275,0.138157518796481,0.96,0.19595917942265426,0.94,0.23748684174075835,0.0,0.0,0.0,0.0,23.799522705078125,3.3450486772492947,10.180551137924194,2.689046653920625
dynamic_range_expansion,0,117,0.0,0.0,0.9957264957264957,0.01776526618409817,0.9893162393162394,0.042688275692322745,0.49572649572649574,0.12029791182133948,0.5,0.11642603389071264,0.9401709401709402,0.23716986197455744,0.9145299145299145,0.2795799527144637,0.0,0.0,0.0,0.0,23.38589375650781,5.436771676241399,4.880159886920045,4.021060626198
dynamic_range_expansion,1,117,1.0,0.0,0.9983974358974359,0.009878868594501567,0.9877136752136753,0.034898467886882646,0.49038461538461536,0.12675461495695634,0.4909188034188034,0.13106671096565486,0.9743589743589743,0.15806189751202507,0.8717948717948718,0.33431807206167424,0.0,0.0,0.0,0.0,23.607465328314365,5.3425074293173935,5.480941123942024,4.070134932385911
dynamic_range_expansion,2,116,2.0,0.0,0.9946120689655172,0.025386247821960663,0.9924568965517241,0.034967630904284376,0.4973060344827586,0.13494696869562037,0.4978448275862069,0.13433139691592605,0.9482758620689655,0.2214695272183643,0.9310344827586207,0.2533954906327426,0.0,0.0,0.0,0.0,23.53078634163429,5.38195682895702,5.315187453774029,3.86356459242814
dynamic_range_expansion,3,116,3.0,0.0,0.9951508620689655,0.018625415967072855,0.990301724137931,0.027955003816967337,0.5005387931034483,0.12884592427388486,0.5150862068965517,0.12299597477051963,0.9310344827586207,0.2533954906327426,0.8793103448275862,0.32576626944295145,0.0,0.0,0.0,0.0,22.929690040391066,4.8757177594599455,5.5076653523017365,4.756762264064162
dynamic_range_expansion,4,106,4.0,0.0,0.9946933962264151,0.019421779589623354,0.9870283018867925,0.044374735193931085,0.5023584905660378,0.13074209010882262,0.5094339622641509,0.11827189404941611,0.9245283018867925,0.26415094339622647,0.8867924528301887,0.316846332523522,0.0,0.0,0.0,0.0,22.806455918078154,4.867049650679385,4.9577793696157215,3.7559814657998625
dynamic_range_expansion,5,106,5.0,0.0,0.995872641509434,0.026136981437855537,0.9858490566037735,0.04484234278733854,0.5212264150943396,0.11984868864600613,0.5194575471698113,0.13254449445027117,0.9622641509433962,0.1905566969502279,0.8773584905660378,0.32802525756063605,0.0,0.0,0.0,0.0,23.423193607690198,5.138813925373856,5.71148468364241,4.576853461084783
dynamic_range_expansion,6,74,6.0,0.0,1.0,0.0,0.9923986486486487,0.025068956215634847,0.49915540540540543,0.14476114823511577,0.5,0.1427439826913716,1.0,0.0,0.9054054054054054,0.29265415983388804,0.0,0.0,0.0,0.0,23.95892469303028,4.7701005926987365,5.307711475704973,3.531384052761832
dynamic_range_expansion,7,74,7.0,0.0,0.9940878378378378,0.031112737257422068,0.987331081081081,0.03701791723109987,0.5092905405405406,0.12983976629106597,0.5016891891891891,0.11981341639395496,0.9459459459459459,0.22612433149569608,0.8648648648648649,0.34186785515333834,0.0,0.0,0.0,0.0,23.670012100322825,5.115079763057737,5.2834071224001615,3.8495743551908688
dynamic_range_expansion,8,52,8.0,0.0,0.9963942307692307,0.025750342891380465,0.9903846153846154,0.04313547703107299,0.5144230769230769,0.1346153846153846,0.5060096153846154,0.13216235973461318,0.9807692307692307,0.1373351620873625,0.9423076923076923,0.23316068563427197,0.0,0.0,0.0,0.0,24.0258964575254,3.863600829389592,5.290026866472685,3.0469114287928933
dynamic_range_expansion,9,52,9.0,0.0,1.0,0.0,1.0,0.0,0.5204326923076923,0.11080531388457492,0.5192307692307693,0.12710869294617583,1.0,0.0,1.0,0.0,0.0,0.0,0.0,0.0,23.59722724327674,3.2652370504977166,5.093672087559333,2.2705544502344317
encodec,0,170,0.0,0.0,0.9985294117647059,0.011649249645407984,0.9367647058823529,0.11035292549855652,0.48713235294117646,0.13505463539443024,0.4860294117647059,0.13297240653479195,0.9823529411764705,0.13166487815058464,0.5647058823529412,0.49579547072248187,0.0,0.0,0.0,0.0,23.602722145529356,5.2976584481343165,7.54201324494446,8.464260287278911
encodec,1,170,1.0,0.0,0.9966911764705882,0.013994754640201676,0.9419117647058823,0.11455967303166115,0.5080882352941176,0.13172645847206133,0.5014705882352941,0.12332572492819874,0.9470588235294117,0.22391607424322682,0.6411764705882353,0.4796552972210868,0.0,0.0,0.0,0.0,23.7205392332638,5.0203621008888515,8.081444946807974,8.043977919680467
encodec,2,167,2.0,0.0,0.9981287425149701,0.014388011067919974,0.9416167664670658,0.10421005885034404,0.499625748502994,0.13165250620822533,0.4902694610778443,0.12329982381335415,0.9820359281437125,0.13282079648394512,0.6167664670658682,0.48617444623196265,0.0,0.0,0.0,0.0,23.458600763789192,5.073531556039686,8.199763106193371,7.829867079939341
encodec,3,167,3.0,0.0,0.9973802395209581,0.012524850696617898,0.9446107784431138,0.09536879881815005,0.49288922155688625,0.12338385652705881,0.501122754491018,0.12657559653393605,0.9580838323353293,0.20039761114588636,0.592814371257485,0.49130997597044346,0.0,0.0,0.0,0.0,23.492824217516507,5.370504957828461,7.666663172359238,8.060180422402253
encodec,4,151,4.0,0.0,0.9979304635761589,0.013296670864411433,0.9507450331125827,0.08885809558406435,0.5049668874172185,0.1346681556589752,0.5140728476821192,0.12231643087807802,0.9735099337748344,0.1605874920924787,0.6291390728476821,0.4830352987764363,0.0,0.0,0.0,0.0,23.39684972068332,4.680981679932711,8.680587995279309,6.713338861880891
encodec,5,151,5.0,0.0,0.9975165562913907,0.014169902954158684,0.9478476821192053,0.09335054622969485,0.48344370860927155,0.11388995709880688,0.5012417218543046,0.12447534735981447,0.9668874172185431,0.17893054418683832,0.6158940397350994,0.48638315303254415,0.0,0.0,0.0,0.0,23.543795238267506,4.686581714337866,8.628473240808146,7.205233582809061
encodec,6,118,6.0,0.0,0.996292372881356,0.016857871253008,0.9544491525423728,0.07874689635612628,0.5211864406779662,0.13125765186105146,0.524364406779661,0.12340988033229405,0.9491525423728814,0.21968612536975804,0.635593220338983,0.48126341913561643,0.0,0.0,0.0,0.0,23.4022397510076,4.012421943827613,9.549548654232995,5.82434652198336
encodec,7,118,7.0,0.0,0.9973516949152542,0.014990436120852657,0.9592161016949152,0.06629231871338062,0.5317796610169492,0.12225420762182798,0.5286016949152542,0.12830484685287935,0.9661016949152542,0.1809674280005307,0.6186440677966102,0.4857196569799017,0.0,0.0,0.0,0.0,23.24640005725925,3.7723427347608998,9.618843096797749,6.033327659957737
encodec,8,78,8.0,0.0,0.9983974358974359,0.009878868594501565,0.9663461538461539,0.058947353069709996,0.5240384615384616,0.14267321387214735,0.5152243589743589,0.11636259772895288,0.9743589743589743,0.15806189751202504,0.6923076923076923,0.46153846153846156,0.0,0.0,0.0,0.0,23.583781144557854,3.6822374597305747,11.376091914299208,2.362688850391053
encodec,9,78,9.0,0.0,0.9967948717948718,0.017035490084510652,0.9583333333333334,0.06303192448492673,0.5200320512820513,0.13370850278237753,0.5248397435897436,0.13987594076560295,0.9615384615384616,0.19230769230769232,0.6025641025641025,0.4893675559998028,0.0,0.0,0.0,0.0,23.577776432037354,3.6491177130775174,11.231817807906713,2.536978961062093
eq,0,137,0.0,0.0,0.9986313868613139,0.009146869368505211,0.906021897810219,0.12434226763448505,0.48996350364963503,0.1319322242922575,0.4854014598540146,0.11946284642808802,0.9781021897810219,0.14634990989608335,0.40875912408759124,0.4916046201600799,0.0,0.0,0.0,0.0,23.750226974487305,5.477856725438329,2.471592635895214,3.5485676571799343
eq,1,137,1.0,0.0,0.9990875912408759,0.007496202885563405,0.9087591240875912,0.12082786365623258,0.48677007299270075,0.11586872786509293,0.48996350364963503,0.11507930675494571,0.9854014598540146,0.1199392461690145,0.40875912408759124,0.4916046201600799,0.0,0.0,0.0,0.0,23.394025934873707,5.100458089789507,2.2951160997261097,3.700739489921283
eq,2,136,2.0,0.0,0.9963235294117647,0.014705882352941176,0.9094669117647058,0.11364305253935587,0.5105698529411765,0.1294153875976006,0.4875919117647059,0.13297618653195184,0.9411764705882353,0.23529411764705885,0.3897058823529412,0.4876835117291303,0.0,0.0,0.0,0.0,23.705823751056897,5.151557306319852,2.1509666102664435,3.63536272142639
eq,3,136,3.0,0.0,0.9963235294117647,0.016544117647058824,0.90625,0.12973566168083742,0.5087316176470589,0.1159828509776882,0.5119485294117647,0.11631469230022574,0.9485294117647058,0.22095557648995173,0.4411764705882353,0.49652773576865095,0.0,0.0,0.0,0.0,23.594310325734757,5.218725322714801,2.4652666776057552,3.705107966278877
eq,4,117,4.0,0.0,0.9967948717948718,0.016025641025641024,0.905448717948718,0.13712930426462439,0.4855769230769231,0.1272197710704445,0.49893162393162394,0.12472804443389232,0.9572649572649573,0.20225913788374755,0.4700854700854701,0.49910431865492083,0.0,0.0,0.0,0.0,23.26539659092569,5.056377816956196,2.5099386443855622,3.556070342378042
eq,5,117,5.0,0.0,0.9978632478632479,0.013991240228321364,0.9107905982905983,0.11990587903075385,0.5251068376068376,0.13403756057745464,0.5058760683760684,0.1307397248987224,0.9743589743589743,0.15806189751202504,0.41025641025641024,0.49188015623720194,0.0,0.0,0.0,0.0,23.404448615180122,4.910765632425912,2.5543349939040265,3.815808411508279
eq,6,89,6.0,0.0,0.9992977528089888,0.00658766258402167,0.9164325842696629,0.1256806679110991,0.4887640449438202,0.11871924415170879,0.5140449438202247,0.1134993105074696,0.9887640449438202,0.1054026013443467,0.4943820224719101,0.4999684373322919,0.0,0.0,0.0,0.0,23.690223929587376,4.771783803029199,2.434237098091104,3.9949930794464663
eq,7,89,7.0,0.0,0.9978932584269663,0.014663351838357515,0.9192415730337079,0.1193241763357272,0.4964887640449438,0.13621061388316064,0.5007022471910112,0.13066327594371493,0.9775280898876404,0.1482124264974485,0.48314606741573035,0.4997158642233053,0.0,0.0,0.0,0.0,23.718459107902614,4.903358057219261,2.622202702620056,3.9232806038688084
eq,8,63,8.0,0.0,0.9970238095238095,0.013309928437498748,0.9246031746031746,0.08779621781681582,0.5337301587301587,0.12540875470682922,0.5138888888888888,0.1222132031304325,0.9523809523809523,0.21295885499997996,0.36507936507936506,0.4814524091461302,0.0,0.0,0.0,0.0,23.883446526905846,3.61783523236769,2.153184119079794,3.2925517503188617
eq,9,63,9.0,0.0,0.998015873015873,0.010957699421812758,0.9315476190476191,0.09027232671489942,0.48908730158730157,0.1334168648962728,0.4990079365079365,0.12720869280168487,0.9682539682539683,0.17532319074900413,0.47619047619047616,0.4994327848429293,0.0,0.0,0.0,0.0,24.195961937071786,3.558697936499065,1.9323758539255886,3.3325447174152814
gain,0,46,0.0,0.0,0.9932065217391305,0.026797667015375032,0.9891304347826086,0.03272172439889211,0.48641304347826086,0.13537955116392553,0.48641304347826086,0.09831550279959535,0.9347826086956522,0.24690905851305536,0.8913043478260869,0.3112569796364425,0.0,0.0,0.0,0.0,24.716790613920793,5.537085323156356,91.1373866537343,9.556283903400695
gain,1,46,1.0,0.0,0.9959239130434783,0.02019846297190014,0.9904891304347826,0.025957843987150547,0.5081521739130435,0.1267598238009848,0.5040760869565217,0.10699243001418494,0.9565217391304348,0.20393111999232305,0.8695652173913043,0.33678116053977547,0.0,0.0,0.0,0.0,23.842377330945887,4.6405502744772384,91.13741534689198,9.55642084397637
gain,2,46,2.0,0.0,0.998641304347826,0.00911440751698284,0.9918478260869565,0.030863632314131913,0.46875,0.13899263938909798,0.45652173913043476,0.10736275144096961,0.9782608695652174,0.14583052027172538,0.9130434782608695,0.28177133471338517,0.0,0.0,0.0,0.0,24.343834607497506,5.869753170843006,91.13515240213145,9.558427584810591
gain,3,46,3.0,0.0,0.9972826086956522,0.012745694999520189,0.9932065217391305,0.023415336874475664,0.47690217391304346,0.12250131408191439,0.485054347826087,0.10025848268681122,0.9565217391304348,0.20393111999232305,0.9130434782608695,0.28177133471338517,0.0,0.0,0.0,0.0,23.785521548727285,4.605993631781275,91.13748865542205,9.556532038030555
gain,4,39,4.0,0.0,0.9983974358974359,0.009878868594501565,0.9903846153846154,0.041357333014628024,0.4583333333333333,0.14247506904418505,0.4567307692307692,0.11769848735242654,0.9743589743589743,0.15806189751202504,0.9230769230769231,0.26646935501059643,0.0,0.0,0.0,0.0,24.68663846529447,5.754940230414215,91.42171067457933,9.561102907299215
gain,5,39,5.0,0.0,0.9967948717948718,0.01378577767154267,0.9967948717948718,0.01378577767154267,0.5160256410256411,0.14274519834386765,0.5096153846153846,0.15794811958761118,0.9487179487179487,0.2205724427446827,0.9487179487179487,0.2205724427446827,0.0,0.0,0.0,0.0,24.26997580895057,5.361286498432624,91.42241375262921,9.560845804662312
gain,6,32,6.0,0.0,0.99609375,0.015128841196122723,0.994140625,0.024000401811415054,0.458984375,0.13129591365826804,0.46875,0.14490028899212037,0.9375,0.24206145913796356,0.9375,0.24206145913796356,0.0,0.0,0.0,0.0,23.17912045121193,3.6551114591941527,90.17439699172974,9.756107148455703
gain,7,32,7.0,0.0,0.998046875,0.010874539771152386,0.986328125,0.04617808756850347,0.474609375,0.13787181174775856,0.490234375,0.13360003183330224,0.96875,0.17399263633843817,0.875,0.33071891388307384,0.0,0.0,0.0,0.0,23.162986040115356,5.115545595102608,90.17450451850891,9.756111590018502
gain,8,21,8.0,0.0,0.9970238095238095,0.013309928437498746,0.9940476190476191,0.01834647024693148,0.5416666666666666,0.11301689015504479,0.5267857142857143,0.11175585330665826,0.9523809523809523,0.21295885499998,0.9047619047619048,0.2935435239509036,0.0,0.0,0.0,0.0,23.401884623936244,3.600295421184643,92.47104208809989,9.660403735987158
gain,9,21,9.0,0.0,0.9940476190476191,0.026619856874997492,0.9880952380952381,0.04145353653923844,0.49107142857142855,0.09307437958995173,0.5029761904761905,0.11159722178126591,0.9523809523809523,0.21295885499998,0.9047619047619048,0.2935435239509036,0.0,0.0,0.0,0.0,23.982046763102215,3.4438115190117236,92.47107660202752,9.66044002448499
gaussian_noise,0,108,0.0,0.0,0.9953703703703703,0.023606571822188817,0.9837962962962963,0.07083862846342294,0.47858796296296297,0.13639126772145385,0.4809027777777778,0.13513815732929774,0.9537037037037037,0.21012603181315218,0.9074074074074074,0.2898606637499727,0.0,0.0,0.0,0.0,22.52408684624566,4.769160838533195,29.23223963490239,5.358066420669115
gaussian_noise,1,108,1.0,0.0,0.9959490740740741,0.015387425694801313,0.9913194444444444,0.03120173742293651,0.5,0.12982582705444387,0.5069444444444444,0.12480694969174605,0.9351851851851852,0.24619881111682093,0.8981481481481481,0.3024533883529829,0.0,0.0,0.0,0.0,22.186417005680227,5.128846048416317,29.232486000767462,5.357827890067754
gaussian_noise,2,107,2.0,0.0,0.9959112149532711,0.02139796621964276,0.990070093457944,0.043695336937535155,0.4929906542056075,0.12124232283833714,0.4994158878504673,0.11793570016642305,0.9532710280373832,0.21105775309600402,0.9252336448598131,0.26301396784056613,0.0,0.0,0.0,0.0,22.386103737020047,5.291834082220504,29.172299269203826,5.34668482228792
gaussian_noise,3,107,3.0,0.0,0.9976635514018691,0.014614481312145797,0.9941588785046729,0.02345193913537936,0.4982476635514019,0.11667923466903707,0.4976635514018692,0.12142229113160906,0.9719626168224299,0.16507964236126818,0.9345794392523364,0.24726647766958793,0.0,0.0,0.0,0.0,22.537108991747704,5.317279507583988,29.17342426620911,5.348395063389316
gaussian_noise,4,95,4.0,0.0,0.9967105263157895,0.013956054891839752,0.9907894736842106,0.03623799829979057,0.48355263157894735,0.12407901713454533,0.4967105263157895,0.13704122658504453,0.9473684210526315,0.22329687826943598,0.9157894736842105,0.2777032833320614,0.0,0.0,0.0,0.0,22.433914716620194,5.03493718651292,29.561099664788497,5.44947972706791
gaussian_noise,5,95,5.0,0.0,0.9967105263157895,0.01664356663246515,0.9914473684210526,0.042156629851581064,0.4756578947368421,0.1318188602262868,0.4644736842105263,0.12521449740389806,0.9578947368421052,0.20082930556146225,0.9263157894736842,0.26125628728401806,0.0,0.0,0.0,0.0,22.56955281307823,4.869273790420917,29.56108314112613,5.448830995458788
gaussian_noise,6,65,6.0,0.0,0.9971153846153846,0.013113636247101783,0.9942307692307693,0.026227272494203566,0.49423076923076925,0.11057274239588502,0.4894230769230769,0.12087880869090556,0.9538461538461539,0.2098181799536286,0.9384615384615385,0.24031537464328168,0.0,0.0,0.0,0.0,22.538439222482534,4.683167331791332,29.602257244403546,5.767892906039617
gaussian_noise,7,65,7.0,0.0,0.9980769230769231,0.010793242461847907,0.9971153846153846,0.013113636247101783,0.49615384615384617,0.1190289855803368,0.49615384615384617,0.12103168444276588,0.9692307692307692,0.1726918793895665,0.9538461538461539,0.2098181799536286,0.0,0.0,0.0,0.0,22.716038571871245,4.50085877345112,29.602394954974834,5.769159982896775
gaussian_noise,8,47,8.0,0.0,0.9946808510638298,0.017439996075271278,0.9933510638297872,0.019270447800783828,0.4973404255319149,0.1481027211949559,0.488031914893617,0.13683245712134637,0.9148936170212766,0.2790399372043405,0.8936170212765957,0.3083271648125412,0.0,0.0,0.0,0.0,22.684500227583214,4.281423647268192,29.13859846236858,5.541498350105145
gaussian_noise,9,47,9.0,0.0,0.9986702127659575,0.009019055828624029,0.9986702127659575,0.009019055828624029,0.4720744680851064,0.14053026397471177,0.48138297872340424,0.1295160884102228,0.9787234042553191,0.14430489325798443,0.9787234042553191,0.14430489325798443,0.0,0.0,0.0,0.0,23.26431919666047,3.676244087861128,29.138097965970953,5.540261081582903
highpass,0,109,0.0,0.0,0.9959862385321101,0.022835215311628305,0.9627293577981652,0.05559265891532489,0.4954128440366973,0.12142432316899719,0.4919724770642202,0.11234728339628292,0.963302752293578,0.18801744524696512,0.5963302752293578,0.49063273237141064,0.0,0.0,0.0,0.0,23.676865358965113,5.241050719947502,-9.544431676558398,11.612877292111593
highpass,1,109,1.0,0.0,0.9977064220183486,0.011751090327935318,0.9610091743119266,0.05852557590573591,0.5217889908256881,0.1152679824092811,0.5143348623853211,0.12199161602726791,0.963302752293578,0.18801744524696512,0.5871559633027523,0.4923452427522473,0.0,0.0,0.0,0.0,23.215537841166924,4.826031848120018,-7.868248750652195,9.062797565236751
highpass,2,108,2.0,0.0,0.9988425925925926,0.008426053112593193,0.9658564814814815,0.052002895704894185,0.515625,0.13638144568397803,0.5190972222222222,0.12191159627819975,0.9814814814814815,0.13481684980149108,0.6296296296296297,0.48290388186686295,0.0,0.0,0.0,0.0,23.142905314763386,4.974700176650311,-9.245981470112586,10.08114550133823
highpass,3,108,3.0,0.0,0.9982638888888888,0.010270971845659055,0.9612268518518519,0.05936439512542583,0.49074074074074076,0.11624888453231223,0.4988425925925926,0.12499464151751978,0.9722222222222222,0.16433554953054488,0.5833333333333334,0.4930066485916347,0.0,0.0,0.0,0.0,22.92109923009519,4.745202694781657,-8.920332583702272,9.313244163669529
highpass,4,92,4.0,0.0,0.9959239130434783,0.017973854015384445,0.954483695652174,0.06715242440696731,0.5033967391304348,0.10358884912614762,0.5183423913043478,0.10366010850024066,0.9456521739130435,0.22670275668058923,0.5543478260869565,0.4970375376162467,0.0,0.0,0.0,0.0,22.061277970023777,4.338903976035727,-10.24567817799423,10.269398793180866
highpass,5,92,5.0,0.0,0.998641304347826,0.009114407516982838,0.9572010869565217,0.057496269244877066,0.5237771739130435,0.12219766071131469,0.5061141304347826,0.13195970859180903,0.9782608695652174,0.1458305202717254,0.5434782608695652,0.4981060537995478,0.0,0.0,0.0,0.0,22.804847551428754,4.812869760569365,-9.836319438465264,8.38444948846742
highpass,6,70,6.0,0.0,0.9973214285714286,0.012658434713176632,0.9651785714285714,0.045605688532579056,0.5125,0.11309367166835009,0.49910714285714286,0.12566468684721321,0.9571428571428572,0.2025349554108261,0.5714285714285714,0.49487165930539356,0.0,0.0,0.0,0.0,23.610288006918772,4.680797533397132,-10.651287523337773,8.90927872905816
highpass,7,70,7.0,0.0,0.9982142857142857,0.010412414097938038,0.9669642857142857,0.05252702171458118,0.48660714285714285,0.14247997084445493,0.49375,0.1483352561405606,0.9714285714285714,0.1665986255670086,0.6428571428571429,0.4791574237499549,0.0,0.0,0.0,0.0,23.40094288417271,4.354556934120049,-10.55774571129254,9.105347824460239
highpass,8,45,8.0,0.0,0.9986111111111111,0.00921284663987611,0.9680555555555556,0.04087205269322822,0.475,0.10491398593345143,0.48333333333333334,0.09628516673576118,0.9777777777777777,0.14740554623801777,0.5777777777777777,0.4939135726865082,0.0,0.0,0.0,0.0,23.710267300075955,3.8135437632923814,-12.190064978599548,8.546374386055346
highpass,9,45,9.0,0.0,0.9944444444444445,0.017786456215091243,0.9708333333333333,0.038640077064565424,0.5305555555555556,0.1226318891924673,0.5111111111111111,0.1463021564695966,0.9111111111111111,0.28458329944145994,0.6,0.48989794855663565,0.0,0.0,0.0,0.0,23.823098288642036,3.6905257017353352,-10.528697933670546,6.779474804859531
limiter,0,104,0.0,0.0,0.9987980769230769,0.008583447630460156,0.9837740384615384,0.061283345703493586,0.48617788461538464,0.1237791130919625,0.484375,0.11522800870615016,0.9807692307692307,0.13733516208736252,0.8653846153846154,0.341312295178824,0.0,0.0,0.0,0.0,24.2766862649184,4.9894777172714635,7.443806190043688,4.4693015248213
limiter,1,104,1.0,0.0,0.9963942307692307,0.01904204268960921,0.9771634615384616,0.09215701594570948,0.5006009615384616,0.1167645226474011,0.4909855769230769,0.1251256187399358,0.9615384615384616,0.19230769230769226,0.8653846153846154,0.341312295178824,0.0,0.0,0.0,0.0,24.189790789897625,5.153586723385641,7.60852812230587,4.444359693443237
limiter,2,103,2.0,0.0,0.9963592233009708,0.021020034072437827,0.9872572815533981,0.057347851217042035,0.49393203883495146,0.12363163749237908,0.4945388349514563,0.1312476294620949,0.9611650485436893,0.1932014440983728,0.9223300970873787,0.26765143207942177,0.0,0.0,0.0,0.0,23.92452414984842,4.868205325777398,7.725857504941885,3.944254912873355
limiter,3,103,3.0,0.0,0.9969660194174758,0.016008381017321507,0.9824029126213593,0.06541588604350203,0.5188106796116505,0.11614084010508464,0.5127427184466019,0.11565795033678054,0.9611650485436893,0.1932014440983728,0.8737864077669902,0.33208992964052564,0.0,0.0,0.0,0.0,23.777795004613193,4.943509936197257,8.248585365350964,3.8080965465379504
limiter,4,93,4.0,0.0,0.9946236559139785,0.028480672177979956,0.9818548387096774,0.0583865769596061,0.4845430107526882,0.12008338625909705,0.4946236559139785,0.11653311071112209,0.946236559139785,0.22555028992906484,0.8602150537634409,0.34676377412036774,0.0,0.0,0.0,0.0,23.584385102795018,4.855175718820517,8.05785893144146,3.79073967810098
limiter,5,93,5.0,0.0,0.9966397849462365,0.02123060349318724,0.9865591397849462,0.04185053085198997,0.49731182795698925,0.11947253956270369,0.4993279569892473,0.12002695697718263,0.967741935483871,0.17668469596940845,0.8709677419354839,0.3352356401746215,0.0,0.0,0.0,0.0,23.55831149316603,5.206573845986392,7.772828607149021,3.5010897950932365
limiter,6,75,6.0,0.0,1.0,0.0,0.9925,0.03378855822118882,0.49083333333333334,0.14204361614971964,0.4708333333333333,0.13241873818392252,1.0,0.0,0.9333333333333333,0.24944382578492943,0.0,0.0,0.0,0.0,24.09004795074463,4.169800014297332,7.525674101511638,3.560257881532733
limiter,7,75,7.0,0.0,0.9975,0.01224744871391589,0.9883333333333333,0.05561524571154528,0.48583333333333334,0.1063471777821218,0.48083333333333333,0.11455226851626389,0.96,0.19595917942265423,0.92,0.2712931993250107,0.0,0.0,0.0,0.0,24.30701717376709,4.463743754545465,7.321379634539286,4.169687894072602
limiter,8,51,8.0,0.0,0.9987745098039216,0.008665524279246906,0.9926470588235294,0.020136858731807577,0.47058823529411764,0.1163376890814296,0.4877450980392157,0.12743919628780065,0.9803921568627451,0.1386483884679505,0.8823529411764706,0.32218973970892123,0.0,0.0,0.0,0.0,24.20402220183728,3.513057419051973,7.377375273143544,2.7151252687746767
limiter,9,51,9.0,0.0,1.0,0.0,0.9963235294117647,0.019221062673232994,0.5061274509803921,0.1328738840042137,0.5171568627450981,0.11213067876174386,1.0,0.0,0.9607843137254902,0.1941077438551307,0.0,0.0,0.0,0.0,24.43018554238712,3.8369942222207176,7.535723532531776,2.650833221074706
lowpass,0,133,0.0,0.0,0.9953007518796992,0.026130524012138806,0.993421052631579,0.026839248705439165,0.4934210526315789,0.12990000263512796,0.4957706766917293,0.12897702644529338,0.9548872180451128,0.20755148483973324,0.9323308270676691,0.2511773396765424,0.0,0.0,0.0,0.0,23.587950785357254,4.7600879866228745,14.036008647509984,8.209143578414011
lowpass,1,133,1.0,0.0,0.9976503759398496,0.011888261880332252,0.9976503759398496,0.011888261880332252,0.5159774436090225,0.11715367878822774,0.5173872180451128,0.12005084475064486,0.9624060150375939,0.19021219008531604,0.9624060150375939,0.19021219008531604,0.0,0.0,0.0,0.0,23.426448986942606,4.808082439625421,14.316444234740466,8.301073725542745
lowpass,2,131,2.0,0.0,0.9961832061068703,0.014966018264654697,0.9933206106870229,0.02472644755696553,0.4623091603053435,0.12104412888472887,0.4708969465648855,0.1138379174135675,0.9389312977099237,0.23945629223447515,0.916030534351145,0.2773420171692359,0.0,0.0,0.0,0.0,23.385787934747363,5.099814524703365,13.945035035146102,8.493874794629537
lowpass,3,131,3.0,0.0,0.9985687022900763,0.012126207086964536,0.9937977099236641,0.027688202535394866,0.4761450381679389,0.1090649272371408,0.4770992366412214,0.1204333051600914,0.9847328244274809,0.12261357560464893,0.9389312977099237,0.23945629223447515,0.0,0.0,0.0,0.0,23.004381645726795,4.781900287840423,14.288982465066983,7.40642137316472
lowpass,4,119,4.0,0.0,0.9921218487394958,0.025045418104131023,0.9915966386554622,0.026780564672231014,0.4952731092436975,0.10995596421660442,0.5015756302521008,0.11557486275965767,0.8907563025210085,0.31194472593732087,0.8907563025210085,0.3119447259373208,0.0,0.0,0.0,0.0,23.09611406246153,4.820603482069922,14.321246303179684,6.674542472295128
lowpass,5,119,5.0,0.0,0.9973739495798319,0.01253921889318627,0.990546218487395,0.02992315027992461,0.48161764705882354,0.11945498969290021,0.4805672268907563,0.11422806179916518,0.957983193277311,0.20062750229098028,0.8907563025210085,0.3119447259373208,0.0,0.0,0.0,0.0,22.92187621813862,4.546456669156919,14.250412479418667,7.667325930755582
lowpass,6,88,6.0,0.0,0.9971590909090909,0.016070608663330623,0.9950284090909091,0.019359393708009955,0.49857954545454547,0.10906094226195791,0.49076704545454547,0.10640854344714708,0.9659090909090909,0.18146272071217398,0.9318181818181818,0.25205764787294127,0.0,0.0,0.0,0.0,22.17282283306122,4.1017022565101335,14.62273701348088,5.397572288385259
lowpass,7,88,7.0,0.0,0.9964488636363636,0.01726597412094207,0.9886363636363636,0.029110655585112492,0.4950284090909091,0.09710913372085275,0.49644886363636365,0.11968752022959069,0.9545454545454546,0.2082988952252655,0.8522727272727273,0.35482943172718173,0.0,0.0,0.0,0.0,22.81176269054413,4.233631216830593,14.512072116136551,5.466925646346873
lowpass,8,62,8.0,0.0,0.9969758064516129,0.017489265698485353,0.9979838709677419,0.015746471120779548,0.5211693548387096,0.12991523115739947,0.5040322580645161,0.12031071570835235,0.967741935483871,0.17668469596940842,0.9838709677419355,0.12597176896623638,0.0,0.0,0.0,0.0,23.032649840078047,3.656476746367137,15.561596362821517,3.6420390041178754
lowpass,9,62,9.0,0.0,1.0,0.0,0.998991935483871,0.007873235560389776,0.46068548387096775,0.10117372610415279,0.4717741935483871,0.11207211378780077,1.0,0.0,0.9838709677419355,0.12597176896623638,0.0,0.0,0.0,0.0,23.12620968972483,3.6283151005104717,15.530905162134479,4.015306320624242
mp3,0,115,0.0,0.0,0.9989130434782608,0.008170269770854843,0.9989130434782608,0.008170269770854843,0.5130434782608696,0.12155459616473276,0.5125,0.13218481791399692,0.9826086956521739,0.1307243163336775,0.9826086956521739,0.1307243163336775,0.0,0.0,0.0,0.0,23.208452589615533,5.330568414190352,16.465851069533308,6.852658541343272
mp3,1,115,1.0,0.0,0.9967391304347826,0.013898599839722197,0.9918478260869565,0.021048822533735963,0.5010869565217392,0.12953265931751604,0.5016304347826087,0.1251251736211543,0.9478260869565217,0.22237759743555519,0.8695652173913043,0.33678116053977536,0.008695652173913044,0.09284415871331574,0.0,0.0,22.7265925946443,5.151923171095611,16.666009414196015,6.981329519607439
mp3,2,114,2.0,0.0,0.9972587719298246,0.015242805673747637,0.9961622807017544,0.01903131026064669,0.4923245614035088,0.12226737637882812,0.4934210526315789,0.11978382536863896,0.9649122807017544,0.1840015523105529,0.956140350877193,0.20478276368296058,0.0,0.0,0.0,0.0,23.12280379680165,5.7526790738993645,16.40433319984821,7.144296672122194
mp3,3,114,3.0,0.0,0.9989035087719298,0.008205389006083204,0.9923245614035088,0.02212087829148247,0.5071271929824561,0.1271090637409587,0.5076754385964912,0.13197127183489563,0.9824561403508771,0.13128622409733126,0.8859649122807017,0.3178538759998849,0.0,0.0,0.0,0.0,22.73298967093752,5.392339702939372,16.454701127909253,7.0465592867646745
mp3,4,99,4.0,0.0,0.9949494949494949,0.01921101522058452,0.9911616161616161,0.025141802716843284,0.4696969696969697,0.12605728251737677,0.4753787878787879,0.11678098492021209,0.9292929292929293,0.25633489980706103,0.8787878787878788,0.3263736246748184,0.0,0.0,0.0,0.0,22.547664420773284,5.272592782308074,16.817988321034594,6.787640784180605
mp3,5,99,5.0,0.0,0.9968434343434344,0.0205928111493688,0.9930555555555556,0.021557286715863478,0.4930555555555556,0.1252802694101479,0.49558080808080807,0.12412971195183689,0.9696969696969697,0.17141982574219336,0.898989898989899,0.30134209879144036,0.0,0.0,0.0,0.0,22.963432918895375,5.289585083853153,16.983096556230024,7.439424079902314
mp3,6,74,6.0,0.0,0.9974662162162162,0.016047297297297293,0.9932432432432432,0.024244425835147507,0.5109797297297297,0.12765677799276667,0.5261824324324325,0.12997155547242292,0.972972972972973,0.16216216216216217,0.918918918918919,0.2729595929287048,0.0,0.0,0.0,0.0,22.83850010021313,4.270325699427862,17.07802269909833,5.808810484630641
mp3,7,74,7.0,0.0,0.9966216216216216,0.014132770718481003,0.9949324324324325,0.019915246828634454,0.5135135135135135,0.12426739295776704,0.5059121621621622,0.13003739997640046,0.9459459459459459,0.2261243314956961,0.9324324324324325,0.25100237325684743,0.0,0.0,0.0,0.0,22.47033693983748,4.05736852299388,17.276809106807452,5.787824905214423
mp3,8,47,8.0,0.0,0.9933510638297872,0.023185632678407838,0.9920212765957447,0.02770301417021231,0.5039893617021277,0.10970543196086618,0.4853723404255319,0.11255374451861078,0.9148936170212766,0.2790399372043405,0.9148936170212766,0.2790399372043405,0.0,0.0,0.0,0.0,23.238459810297538,3.53140913504966,19.169507473073107,3.0039465719568126
mp3,9,47,9.0,0.0,0.9986702127659575,0.009019055828624029,0.9920212765957447,0.0208568977943592,0.4920212765957447,0.12407705899392955,0.5013297872340425,0.1292427320725299,0.9787234042553191,0.14430489325798443,0.8723404255319149,0.3337103647097472,0.0,0.0,0.0,0.0,23.3281890382158,3.696926827513838,19.784070177281155,3.236236194684017
phase_shift,0,58,0.0,0.0,0.9978448275862069,0.011404100478726684,0.6196120689655172,0.19151044454958965,0.49353448275862066,0.12907665665680212,0.49030172413793105,0.1382043695244403,0.9655172413793104,0.18246560765962697,0.05172413793103448,0.2214695272183643,0.0,0.0,0.0,0.0,24.025064912335626,6.145500498990362,-22.544672270787174,15.629278955128765
phase_shift,1,58,1.0,0.0,0.9989224137931034,0.008135597451800376,0.6142241379310345,0.19425266102144398,0.4709051724137931,0.1309034408841689,0.5021551724137931,0.14354160177023031,0.9827586206896551,0.13016955922880602,0.08620689655172414,0.28066932062240874,0.0,0.0,0.0,0.0,24.197400125963934,6.0179439182592125,-22.87782991343531,14.434883813706207
phase_shift,2,57,2.0,0.0,1.0,0.0,0.618421052631579,0.2016530542630803,0.5,0.13089184634115486,0.5285087719298246,0.11711429756858499,1.0,0.0,0.05263157894736842,0.2232968782694361,0.0,0.0,0.0,0.0,24.428098695319996,5.784413998017124,-24.10522987340626,13.630846579228429
phase_shift,3,57,3.0,0.0,0.9956140350877193,0.01979766456717959,0.6085526315789473,0.1864099586087433,0.48355263157894735,0.1397671523607736,0.4824561403508772,0.11456103409306119,0.9473684210526315,0.22329687826943606,0.05263157894736842,0.2232968782694361,0.0,0.0,0.0,0.0,24.03434852131626,5.7781845759645885,-21.702614080487635,12.449962176691765
phase_shift,4,47,4.0,0.0,0.9960106382978723,0.01527809214504795,0.6236702127659575,0.20688344124568514,0.5039893617021277,0.12122234228806726,0.5226063829787234,0.11846307154957494,0.9361702127659575,0.24444947432076722,0.06382978723404255,0.24444947432076722,0.0,0.0,0.0,0.0,23.28897602000135,5.407298554262981,-19.975029980882685,12.277892452464506
phase_shift,5,47,5.0,0.0,0.9906914893617021,0.03863255065514348,0.651595744680851,0.19711376557114663,0.5146276595744681,0.1169003243395527,0.5026595744680851,0.12296038569751948,0.9361702127659575,0.2444494743207672,0.10638297872340426,0.3083271648125413,0.0,0.0,0.0,0.0,23.521278868330285,6.785464336408425,-22.66111708701925,13.57833469193614
phase_shift,6,35,6.0,0.0,0.9875,0.06303343783829568,0.6392857142857142,0.18725323898454754,0.5017857142857143,0.10926470386270254,0.4928571428571429,0.11257083937481777,0.9428571428571428,0.2321153829895989,0.11428571428571428,0.318157963590287,0.0,0.0,0.0,0.0,23.686928149632045,4.400882358119253,-20.898907021113803,15.442795209148125
phase_shift,7,35,7.0,0.0,0.9982142857142857,0.010412414097938038,0.6375,0.2025506991207034,0.4982142857142857,0.1452258972239104,0.4982142857142857,0.10076239985475632,0.9714285714285714,0.1665986255670086,0.11428571428571428,0.318157963590287,0.0,0.0,0.0,0.0,24.102078655787878,4.499136633505882,-18.500011886869157,10.099207141349448
phase_shift,8,27,8.0,0.0,1.0,0.0,0.6064814814814815,0.19080028736106366,0.4976851851851852,0.12439841520874446,0.5023148148148148,0.12085905076117234,1.0,0.0,0.07407407407407407,0.2618914004394621,0.0,0.0,0.0,0.0,23.3965673799868,3.640602304521902,-18.86185527730871,9.951726749827609
phase_shift,9,27,9.0,0.0,0.9976851851851852,0.011803285911094408,0.6527777777777778,0.18737135504488944,0.5185185185185185,0.13155807628132243,0.49074074074074076,0.1480034015106091,0.9629629629629629,0.18885257457751053,0.1111111111111111,0.3142696805273545,0.0,0.0,0.0,0.0,24.113037603872794,3.3368739845100235,-18.48972864504214,12.19100370327104
polarity,0,51,0.0,0.0,0.9987745098039216,0.008665524279246906,0.2034313725490196,0.14688510981835906,0.5073529411764706,0.11319709057603419,0.5073529411764706,0.12900867481539366,0.9803921568627451,0.1386483884679505,0.0,0.0,0.0,0.0,0.0,0.0,23.716326788359996,5.6864927052664935,90.38818344415402,1.0504628380519414
polarity,1,51,1.0,0.0,0.9975490196078431,0.017331048558493812,0.20588235294117646,0.1552266081722452,0.5,0.12438574566842535,0.5110294117647058,0.14257881933577438,0.9803921568627451,0.1386483884679505,0.0,0.0,0.0,0.0,0.0,0.0,23.202546157088936,6.029171576993822,90.29063206092984,1.354943074291813
polarity,2,50,2.0,0.0,0.99875,0.008749999999999999,0.16125,0.13641045597753862,0.47375,0.11325441492498207,0.51,0.12206555615733704,0.98,0.13999999999999999,0.0,0.0,0.0,0.0,0.0,0.0,23.523992137908934,6.3137800823143975,90.42367736816406,0.6488704533767059
polarity,3,50,3.0,0.0,0.99875,0.008749999999999999,0.195,0.13499999999999998,0.51625,0.12235322840039817,0.5075,0.13088640112708425,0.98,0.13999999999999999,0.0,0.0,0.0,0.0,0.0,0.0,23.66180522918701,6.124478733887981,90.4508103942871,0.6670767622596996
polarity,4,45,4.0,0.0,0.9972222222222222,0.012880025688188476,0.18472222222222223,0.14127123461057123,0.5055555555555555,0.10360031221650841,0.5319444444444444,0.0955813918560292,0.9555555555555556,0.20608041101101562,0.0,0.0,0.0,0.0,0.0,0.0,23.65969575246175,6.208639051344256,90.40497572157118,0.6756327483026618
polarity,5,45,5.0,0.0,0.9986111111111111,0.00921284663987611,0.19027777777777777,0.14550889837454217,0.4986111111111111,0.12942775285801938,0.48333333333333334,0.12388390622765422,0.9777777777777777,0.14740554623801777,0.0,0.0,0.0,0.0,0.0,0.0,23.36616914537218,5.530403316260095,90.54631958007812,0.18065539377625137
polarity,6,37,6.0,0.0,0.9983108108108109,0.010135135135135136,0.15371621621621623,0.12882213489822716,0.5168918918918919,0.10839804869685436,0.5,0.12157469064490933,0.972972972972973,0.16216216216216214,0.0,0.0,0.0,0.0,0.0,0.0,23.22649419629896,5.537750403592433,90.52540588378906,0.3153699284845973
polarity,7,37,7.0,0.0,0.9966216216216216,0.014132770718481005,0.19256756756756757,0.16205655344880346,0.46621621621621623,0.14281392829627196,0.44594594594594594,0.13251255849631885,0.9459459459459459,0.2261243314956961,0.0,0.0,0.0,0.0,0.0,0.0,22.695673994115882,4.479411190023399,90.39176404798353,0.6890286855603163
polarity,8,22,8.0,0.0,1.0,0.0,0.11647727272727272,0.08489518634934054,0.48011363636363635,0.11826510395737869,0.4602272727272727,0.1257724069385151,1.0,0.0,0.0,0.0,0.0,0.0,0.0,0.0,23.404957164417613,3.4117175451859545,90.57821169766513,1.6191818971571973e-05
polarity,9,22,9.0,0.0,0.9971590909090909,0.013018680951579091,0.16761363636363635,0.17915755710713138,0.5085227272727273,0.13627482903649382,0.48579545454545453,0.11295963268222184,0.9545454545454546,0.20829889522526546,0.0,0.0,0.0,0.0,0.0,0.0,23.274082443930887,3.1810367013734573,90.5782144719904,8.028784251148284e-06
quantization,0,65,0.0,0.0,0.9990384615384615,0.007692307692307692,0.9990384615384615,0.007692307692307692,0.48653846153846153,0.10935360103431252,0.4855769230769231,0.11005310713711151,0.9846153846153847,0.12307692307692307,0.9846153846153847,0.12307692307692307,0.0,0.0,0.0,0.0,23.665111380357008,5.534055985519211,61.419888833852916,8.62264421123841
quantization,1,65,1.0,0.0,0.9990384615384615,0.007692307692307692,0.9990384615384615,0.007692307692307692,0.4971153846153846,0.12327208085028728,0.49230769230769234,0.11884241965754135,0.9846153846153847,0.12307692307692307,0.9846153846153847,0.12307692307692307,0.0,0.0,0.0,0.0,23.555930078946627,5.229759931095262,61.28812525822566,8.489721783135474
quantization,2,64,2.0,0.0,0.9990234375,0.007751224544134543,0.9990234375,0.007751224544134543,0.50390625,0.13206360550294505,0.5048828125,0.13318178783467297,0.984375,0.12401959270615269,0.984375,0.12401959270615269,0.0,0.0,0.0,0.0,23.981099858880043,5.255936734692287,61.46482640504837,8.497378652309164
quantization,3,64,3.0,0.0,0.9970703125,0.02325367363240363,0.9970703125,0.02325367363240363,0.5029296875,0.1281010302940704,0.5078125,0.12955565587325782,0.984375,0.12401959270615269,0.984375,0.12401959270615269,0.0,0.0,0.0,0.0,23.83581905066967,5.235757380243162,61.47754341363907,8.495688690903174
quantization,4,54,4.0,0.0,0.9976851851851852,0.011803285911094408,0.9976851851851852,0.011803285911094408,0.4618055555555556,0.11992997249423988,0.46064814814814814,0.12105839689808222,0.9629629629629629,0.1888525745775105,0.9629629629629629,0.1888525745775105,0.0,0.0,0.0,0.0,23.4311081038581,5.171292520233144,61.32064833464446,8.189264027585006
quantization,5,54,5.0,0.0,0.9988425925925926,0.008426053112593191,0.9988425925925926,0.008426053112593191,0.47453703703703703,0.10590119660831365,0.47337962962962965,0.10865460631715941,0.9814814814814815,0.13481684980149108,0.9814814814814815,0.13481684980149108,0.0,0.0,0.0,0.0,24.08182661621659,5.234762335564611,61.4351885760272,8.335421836682862
quantization,6,42,6.0,0.0,0.9985119047619048,0.009528458686656026,0.9985119047619048,0.009528458686656026,0.49404761904761907,0.10808940355556475,0.49702380952380953,0.10821225573034429,0.9761904761904762,0.1524553389864964,0.9761904761904762,0.1524553389864964,0.0,0.0,0.0,0.0,23.5983411471049,4.434151506109329,60.14400863647461,7.569146903016841
quantization,7,42,7.0,0.0,0.9985119047619048,0.009528458686656026,0.9985119047619048,0.009528458686656026,0.53125,0.12217796592325009,0.5282738095238095,0.12365525244370373,0.9761904761904762,0.1524553389864964,0.9761904761904762,0.1524553389864964,0.0,0.0,0.0,0.0,24.077591805231002,3.7996114524829285,60.18193054199219,7.6409465326127215
quantization,8,28,8.0,0.0,0.9977678571428571,0.011598554514970159,0.9977678571428571,0.011598554514970159,0.49330357142857145,0.10739831896178044,0.5022321428571429,0.0937234231036474,0.9642857142857143,0.1855768722395226,0.9642857142857143,0.1855768722395226,0.0,0.0,0.0,0.0,23.967591830662318,3.545236785043227,58.845775195530486,6.487419611577227
quantization,9,28,9.0,0.0,0.9977678571428571,0.011598554514970159,0.9977678571428571,0.011598554514970159,0.5334821428571429,0.11388304481092944,0.5334821428571429,0.11510154539601551,0.9642857142857143,0.1855768722395226,0.9642857142857143,0.1855768722395226,0.0,0.0,0.0,0.0,24.44775547300066,3.759840720039335,58.84326730455671,6.488358961430243
reverb,0,104,0.0,0.0,1.0,0.0,0.8972355769230769,0.11430124159621535,0.4891826923076923,0.13550849848619181,0.4963942307692308,0.13671841980095376,1.0,0.0,0.3269230769230769,0.469088881448095,0.0,0.0,0.0,0.0,23.634962787994972,4.604097616085221,3.0557722839741754,2.1376503168256766
reverb,1,104,1.0,0.0,0.9951923076923077,0.02834092817921057,0.8804086538461539,0.11981762512458492,0.5198317307692307,0.12979517167180038,0.5090144230769231,0.12361561189232254,0.9615384615384616,0.19230769230769232,0.22115384615384615,0.4150238818251392,0.0,0.0,0.0,0.0,23.304173442033623,4.816299407058557,3.17596541534966,2.0082809382243103
reverb,2,104,2.0,0.0,0.9981971153846154,0.01046087451053438,0.8743990384615384,0.1189949372672186,0.49038461538461536,0.11292961198602255,0.48497596153846156,0.12840763628681806,0.9711538461538461,0.1673739921685501,0.19230769230769232,0.39411349099844606,0.0,0.0,0.0,0.0,23.207855499707737,4.790959921024144,3.268218715997556,2.256741701947816
reverb,3,104,3.0,0.0,0.9975961538461539,0.012019230769230768,0.8792067307692307,0.1259770776344337,0.5120192307692307,0.12442081052507242,0.49158653846153844,0.12739817657921976,0.9615384615384616,0.1923076923076923,0.2692307692307692,0.44356009979503064,0.0,0.0,0.0,0.0,23.356186564152058,4.489550409666327,3.228102763255055,2.1814983431246397
reverb,4,92,4.0,0.0,0.998641304347826,0.00911440751698284,0.8926630434782609,0.10877205195448607,0.5047554347826086,0.12439858569387778,0.4952445652173913,0.11881208890707687,0.9782608695652174,0.1458305202717254,0.2826086956521739,0.4502677212436518,0.0,0.0,0.0,0.0,23.577378843141638,4.87783849356756,3.2652139753791625,2.3111562171503133
reverb,5,92,5.0,0.0,0.9972826086956522,0.012745694999520189,0.8885869565217391,0.10935601036879829,0.49796195652173914,0.13111765032445788,0.5040760869565217,0.12493352438446165,0.9565217391304348,0.20393111999232302,0.2717391304347826,0.4448561289061114,0.0,0.0,0.0,0.0,23.457423915033754,4.324754513229054,3.1091528920375784,2.396506648050148
reverb,6,70,6.0,0.0,0.9991071428571429,0.0074166284490339955,0.8964285714285715,0.09019183070838852,0.46964285714285714,0.12033382563451032,0.4830357142857143,0.11901822553795735,0.9857142857142858,0.11866605518454393,0.21428571428571427,0.4103259033241449,0.0,0.0,0.0,0.0,23.234547097342354,3.8519385713509062,3.7434565593089375,2.21349698389776
reverb,7,70,7.0,0.0,0.9991071428571429,0.0074166284490339955,0.8910714285714286,0.11362813049952167,0.4982142857142857,0.12720002727505808,0.4857142857142857,0.13411891236161,0.9857142857142858,0.11866605518454393,0.2714285714285714,0.4446966404649538,0.0,0.0,0.0,0.0,23.007612650735037,3.8694602421994717,3.439854893939836,2.169550758791828
reverb,8,51,8.0,0.0,1.0,0.0,0.8897058823529411,0.09060343328075747,0.5110294117647058,0.1308121093724794,0.49019607843137253,0.13120187552578677,1.0,0.0,0.19607843137254902,0.3970285633591488,0.0,0.0,0.0,0.0,23.91743102728152,3.137966097421803,3.590110571397578,2.4236915305675937
reverb,9,51,9.0,0.0,0.9987745098039216,0.008665524279246906,0.9117647058823529,0.07746804230038778,0.5061274509803921,0.09607405452215509,0.5110294117647058,0.12543178021494103,0.9803921568627451,0.1386483884679505,0.23529411764705882,0.42418250299576354,0.0,0.0,0.0,0.0,24.091583887736004,3.7289532445881566,3.7185089465449837,2.341153513026521
time_jitter,0,41,0.0,0.0,0.9969512195121951,0.01928218085468524,0.9969512195121951,0.01928218085468524,0.5045731707317073,0.12064853010615476,0.4969512195121951,0.12342855170729974,0.975609756097561,0.1542574468374819,0.975609756097561,0.1542574468374819,0.0,0.0,0.0,0.0,23.73648915639738,5.490028259221794,35.03624823035263,10.06972964465432
time_jitter,1,41,1.0,0.0,0.9969512195121951,0.013463050101109524,0.9954268292682927,0.016276033920779438,0.5030487804878049,0.14799937396365817,0.5076219512195121,0.15007310334437765,0.9512195121951219,0.2154088016177524,0.926829268292683,0.260416542732471,0.0,0.0,0.0,0.0,22.921818942558474,5.032218603713667,34.80445838556057,9.723772011765467
time_jitter,2,41,2.0,0.0,0.9954268292682927,0.016276033920779438,0.9954268292682927,0.016276033920779438,0.5137195121951219,0.13907920399947615,0.5076219512195121,0.14291920711383196,0.926829268292683,0.260416542732471,0.926829268292683,0.260416542732471,0.0,0.0,0.0,0.0,23.090192562196314,5.086547359408384,34.50166116109708,9.579847399844626
time_jitter,3,41,3.0,0.0,0.9954268292682927,0.016276033920779438,0.9954268292682927,0.016276033920779438,0.5167682926829268,0.13385153303972677,0.5213414634146342,0.13637969052649415,0.926829268292683,0.260416542732471,0.926829268292683,0.260416542732471,0.0,0.0,0.0,0.0,23.488616431631694,5.676137044279185,34.766957771487355,10.141556314770442
time_jitter,4,36,4.0,0.0,0.9982638888888888,0.010270971845659055,1.0,0.0,0.5208333333333334,0.12325166214790868,0.5121527777777778,0.12911578672328508,0.9722222222222222,0.16433554953054488,1.0,0.0,0.0,0.0,0.0,0.0,23.713913944032456,5.467945273410275,35.1241725285848,10.290752933117593
time_jitter,5,36,5.0,0.0,0.9982638888888888,0.010270971845659055,0.9965277777777778,0.0143163389778391,0.5295138888888888,0.13857386147782902,0.53125,0.13936550166937137,0.9722222222222222,0.16433554953054488,0.9444444444444444,0.2290614236454256,0.0,0.0,0.0,0.0,24.092268996768528,5.571854796437648,35.191034422980415,9.832415081219585
time_jitter,6,26,6.0,0.0,0.9975961538461539,0.012019230769230768,0.9975961538461539,0.012019230769230768,0.4639423076923077,0.11778846153846155,0.4639423076923077,0.12155477769010126,0.9615384615384616,0.1923076923076923,0.9615384615384616,0.1923076923076923,0.0,0.0,0.0,0.0,23.621403840871956,4.224553371822171,34.32613732264592,9.500989271493403
time_jitter,7,26,7.0,0.0,0.9927884615384616,0.019967845824322296,0.9951923076923077,0.01665433468816228,0.5649038461538461,0.1302742683157618,0.5552884615384616,0.13794391091734204,0.8846153846153846,0.31948553318915673,0.9230769230769231,0.2664693550105965,0.0,0.0,0.0,0.0,23.307576803060677,3.654910104182781,34.47283466045673,9.996178318763544
time_jitter,8,21,8.0,0.0,0.9910714285714286,0.029160592175990215,0.9910714285714286,0.029160592175990215,0.4732142857142857,0.09163573999012294,0.46130952380952384,0.08290707307847689,0.9047619047619048,0.29354352395090366,0.9047619047619048,0.29354352395090366,0.0,0.0,0.0,0.0,23.235925856090727,3.5612862951537423,32.88262903122675,8.138925400662409
time_jitter,9,21,9.0,0.0,1.0,0.0,1.0,0.0,0.47023809523809523,0.15017233108979602,0.46130952380952384,0.1356698966671605,1.0,0.0,1.0,0.0,0.0,0.0,0.0,0.0,23.329201562064036,3.4676101435309925,32.24125544230143,8.004967237009819
time_stretch,0,58,0.0,0.0,0.9989224137931034,0.008135597451800376,0.978448275862069,0.05261446386092114,0.5021551724137931,0.14117613133760618,0.5086206896551724,0.1350727553102793,0.9827586206896551,0.13016955922880602,0.8103448275862069,0.39202817244489907,0.0,0.0,0.0,0.0,24.10291962788023,5.470676239567162,-15.33796397570906,8.367840134871242
time_stretch,1,58,1.0,0.0,0.9946120689655172,0.021033643637869758,0.9665948275862069,0.061648856639602595,0.4827586206896552,0.13868664261376007,0.4795258620689655,0.14327034435825406,0.9310344827586207,0.2533954906327426,0.6724137931034483,0.4693330203040069,0.0,0.0,0.0,0.0,23.120471493951207,5.060593827753089,-17.73035583593722,9.839737364683916
time_stretch,2,57,2.0,0.0,1.0,0.0,0.9714912280701754,0.056231935986658266,0.5142543859649122,0.12223787288922615,0.49890350877192985,0.11559534830213554,1.0,0.0,0.7192982456140351,0.4493420517496736,0.0,0.0,0.0,0.0,23.88315821530526,5.839589998098057,-18.845529639930056,11.535360442367432
time_stretch,3,57,3.0,0.0,1.0,0.0,0.9868421052631579,0.04644258461523546,0.5208333333333334,0.10558248348430459,0.506578947368421,0.12372386449067133,1.0,0.0,0.8771929824561403,0.3282155602433282,0.0,0.0,0.0,0.0,23.5033730122081,5.265246530900018,-17.212557560780592,13.329636067769144
time_stretch,4,50,4.0,0.0,0.99875,0.008749999999999999,0.9725,0.05178078794301994,0.4775,0.12103718436910205,0.5025,0.10894379284750463,0.98,0.13999999999999999,0.72,0.448998886412873,0.0,0.0,0.0,0.0,22.9605055809021,4.695307327840898,-16.223186678290368,7.944084524975482
time_stretch,5,50,5.0,0.0,1.0,0.0,0.97375,0.05875,0.5125,0.11792476415070755,0.4975,0.12116620816052635,1.0,0.0,0.78,0.41424630354415953,0.0,0.0,0.0,0.0,23.526104984283446,5.58177225437207,-15.070194263458252,6.761521818386615
time_stretch,6,36,6.0,0.0,0.9982638888888888,0.010270971845659055,0.9704861111111112,0.05797155505925,0.5364583333333334,0.11446490091581203,0.5503472222222222,0.10907144826038244,0.9722222222222222,0.16433554953054488,0.7222222222222222,0.44790320823880836,0.0,0.0,0.0,0.0,23.638760407765705,4.409644536985593,-15.341385192341274,7.634113776642016
time_stretch,7,36,7.0,0.0,1.0,0.0,0.9739583333333334,0.04968433340713258,0.5,0.11023963796102461,0.5243055555555556,0.14303701336143043,1.0,0.0,0.75,0.4330127018922193,0.0,0.0,0.0,0.0,23.684196604622734,4.793156845038184,-17.86376655101776,8.982273733980625
time_stretch,8,29,8.0,0.0,1.0,0.0,0.9827586206896551,0.03631961109127741,0.5,0.13534757300092742,0.5043103448275862,0.11941288945857817,1.0,0.0,0.7931034482758621,0.40508069394726653,0.0,0.0,0.0,0.0,23.479152153278218,3.988291256294241,-15.173146083437164,6.699739984158455
time_stretch,9,29,9.0,0.0,1.0,0.0,0.9612068965517241,0.07770584645396529,0.4849137931034483,0.12244717854604993,0.5258620689655172,0.1368492057447202,1.0,0.0,0.6551724137931034,0.4753120259341455,0.0,0.0,0.0,0.0,23.383560706829204,3.6723329929806408,-16.42377782690114,9.198176581997423
vorbis,0,123,0.0,0.0,0.9954268292682927,0.01812251473590143,0.994410569105691,0.027617232198579658,0.5,0.13071294497386185,0.505589430894309,0.13359859841349422,0.9349593495934959,0.24659757541631058,0.943089430894309,0.2316716560776424,0.0,0.0,0.0,0.0,23.28215589755919,5.16051429910689,19.12701551700995,5.263507464747898
vorbis,1,123,1.0,0.0,0.9989837398373984,0.007904648976678884,0.9974593495934959,0.014691902738618862,0.5045731707317073,0.14013339584047713,0.5127032520325203,0.1400854825756355,0.983739837398374,0.12647438362686217,0.967479674796748,0.17737743275830425,0.0,0.0,0.0,0.0,22.81458199508791,4.927918405682374,19.220682671399622,5.112347325447083
vorbis,2,123,2.0,0.0,0.9979674796747967,0.011086089547394021,0.9964430894308943,0.014479478504852651,0.505589430894309,0.13095765207219273,0.5086382113821138,0.12251731752179285,0.967479674796748,0.17737743275830428,0.943089430894309,0.23167165607764237,0.0,0.0,0.0,0.0,22.727689091752215,4.800847471272878,19.024783491119138,5.1887704545307285
vorbis,3,123,3.0,0.0,0.9969512195121951,0.015645126339777084,0.9959349593495935,0.019093794947211314,0.4994918699186992,0.11256658343513629,0.5045731707317073,0.11879164110171017,0.959349593495935,0.1974789886421321,0.9512195121951219,0.21540880161775242,0.0,0.0,0.0,0.0,23.16963654805005,4.93483556147252,19.47751446468074,5.127146522876562
vorbis,4,108,4.0,0.0,1.0,0.0,1.0,0.0,0.5127314814814815,0.11081533742635233,0.5133101851851852,0.10726332079911845,1.0,0.0,1.0,0.0,0.0,0.0,0.0,0.0,23.25740552831579,4.802382014872154,19.205892501053988,5.169259895824498
vorbis,5,108,5.0,0.0,0.9971064814814815,0.01313287698832201,0.9982638888888888,0.010270971845659057,0.49363425925925924,0.1336529953953708,0.48842592592592593,0.1374442616793699,0.9537037037037037,0.21012603181315218,0.9722222222222222,0.16433554953054488,0.0,0.0,0.0,0.0,22.718031724294026,4.375284263171161,19.247684871708906,5.034859360927282
vorbis,6,75,6.0,0.0,0.9966666666666667,0.017360555546666386,0.9941666666666666,0.020849993338661343,0.48333333333333334,0.1267927004558578,0.48583333333333334,0.1170707288589063,0.96,0.19595917942265423,0.92,0.2712931993250107,0.0,0.0,0.0,0.0,23.089812037150065,4.404564417533507,19.907400550842286,4.9135103500126265
vorbis,7,75,7.0,0.0,0.9966666666666667,0.014043582955293931,0.9966666666666667,0.014043582955293931,0.5208333333333334,0.12513881181401007,0.525,0.13189326492787012,0.9466666666666667,0.22469732728470287,0.9466666666666667,0.22469732728470287,0.0,0.0,0.0,0.0,22.77588611602783,4.26932393447113,19.865442682902017,4.671407941779904
vorbis,8,51,8.0,0.0,0.9975490196078431,0.012131733990945668,0.9963235294117647,0.014705882352941175,0.47058823529411764,0.13177296674034655,0.48284313725490197,0.1344916168462642,0.9607843137254902,0.1941077438551307,0.9411764705882353,0.23529411764705882,0.0,0.0,0.0,0.0,24.06084986294017,3.74435342828681,21.681623084872378,2.5973389738616817
vorbis,9,51,9.0,0.0,0.9975490196078431,0.012131733990945668,0.9975490196078431,0.012131733990945668,0.5036764705882353,0.13749541252701716,0.4987745098039216,0.13919971946548426,0.9607843137254902,0.1941077438551307,0.9607843137254902,0.1941077438551307,0.0,0.0,0.0,0.0,24.354603617799047,3.441409788424838,21.815742735769234,2.4724204475618112
